2022-09-27 09:33:21:654: 5A A5 0C 80 56 5A A0 00 00 0B 66 0B 66 08 98

2022-09-27 09:33:21:661: 

2022-09-27 09:33:21:663: 

2022-09-27 09:33:21:666: 

2022-09-27 09:33:22:083: 5A A5 05 82 00 09 30 96 5A A5 05 82 00 14 00 00 5A A5 05 82 00 21 00 00 5A A5 07 82 00 10 00 00 00 00 5A A5 07 82 00 18 00 00 00 00 5A A5 07 82 00 12 00 00 00 00 5A A5 05 82 00 29 00 00 5A A5 05 82 00 15 00 00 5A A5 07 82 00 48 00 00 00 00 5A A5 07 82 00 44 00 00 00 00 5A A5 05 82 00 41 0F 74 5A A5 05 82 00 4C 00 00 5A A5 05 82 00 4D 00 00 5A A5 07 82 00 42 00 00 00 00 5A A5 05 82 15 00 00 20 5A A5 05 82 15 50 00 08 5A A5 0C 80 56 5A A0 00 00 00 23 00 23 00 1C

2022-09-27 09:33:22:086: 

2022-09-27 09:33:22:088: 

2022-09-27 09:33:22:090: 

2022-09-27 09:33:22:373: 5A A5 0C 80 56 5A A0 00 00 00

2022-09-27 09:33:22:381: 

2022-09-27 09:33:22:384: 

2022-09-27 09:33:22:387: 

2022-09-27 09:33:22:674: 1C 00 1C 00 04 5A A5 0C 80 56 5A A0 00 00 00 90 00 90 00 3C

2022-09-27 09:33:22:677: 

2022-09-27 09:33:22:680: 

2022-09-27 09:33:22:683: 

2022-09-27 09:33:22:979: 5A A5 0C 80 56 5A A0 00 00 00 40 00 40 00 01

2022-09-27 09:33:22:981: 

2022-09-27 09:33:22:984: 

2022-09-27 09:33:22:986: 

5 05 53 00 60 FD 44 B1 C4 CC 33 C3 3C AA 55 05 59 00 00 00 00 0D 1C CC 33 C3 3C AA 55 05 6D 00 00 00 3F D9 ED CC 33 C3 3C AA 55 05 6F 00 00 00 00 09 D4 CC 33 C3 3C AA 55 05 67 9A 99 CD 41 9F 5F CC 33 C3 3C AA 55 05 72 33 33 8F 41 40 63 CC 33 C3 3C AA 55 05 68 00 F0 7F 45 39 80 CC 33 C3 3C AA 55 05 6E 00 00 00 00 C9 E9 CC 33 C3 3C AA 55 05 5C 00 00 30 41 3D 04 CC 33 C3 3C AA 55 05 71 00 00 80 40 3B 1C CC 33 C3 3C AA 55 05 98 00 00 20 42 2D B8 CC 33 C3 3C AA 55 05 99 00 00 00 00 1C 1C CC 33 C3 3C AA 55 05 57 00 00 7B 43 CD 16 CC 33 C3 3C AA 55 05 5B 00 F0 7F 45 3D 84 CC 33 C3 3C AA 55 05 70 00 30 7E 45 97 A1 CC 33 C3 3C

2021-03-17 14:45:47:188: 

2021-03-17 14:45:47:495: AA 55 05 80 B6 E2 1C 4B 57 CF CC 33 C3 3C AA 55 05 50 67 66 C8 42 96 E8 CC 33 C3 3C AA 55 05 58 33 33 EF 41 86 52 CC 33 C3 3C AA 55 05 5A 00 00 00 00 0D 58 CC 33 C3 3C AA 55 05 52 00 00 B4 41 FC 0E CC 33 C3 3C AA 55 05 51 33 33 8F 41 87 A6 CC 33 C3 3C AA 55 05 53 00 E0 FC 44 C9 C4 CC 33 C3 3C AA 55 05 59 00 00 00 00 0D 1C CC 33 C3 3C AA 55 05 6D 00 00 00 3F D9 ED CC 33 C3 3C AA 55 05 6F 00 00 00 00 09 D4 CC 33 C3 3C AA 55 05 67 9A 99 CD 41 9F 5F CC 33 C3 3C AA 55 05 72 33 33 8F 41 40 63 CC 33 C3 3C AA 55 05 68 00 F0 7F 45 39 80 CC 33 C3 3C AA 55 05 6E 00 00 00 00 C9 E9 CC 33 C3 3C AA 55 05 5C 00 00 30 41 3D 04 CC 33 C3 3C AA 55 05 71 00 00 80 40 3B 1C CC 33 C3 3C AA 55 05 98 00 00 20 42 2D B8 CC 33 C3 3C AA 55 05 99 00 00 00 00 1C 1C CC 33 C3 3C AA 55 05 57 00 00 7C 43 FD 14 CC 33 C3 3C AA 55 05 5B 00 F0 7F 45 3D 84 CC 33 C3 3C AA 55 05 70 00 30 7E 45 97 A1 CC 33 C3 3C

2021-03-17 14:45:47:533: 

2021-03-17 14:45:47:845: AA 55 05 80 D9 E2 1C 4B 43 D2 CC 33 C3 3C AA 55 05 50 67 66 C8 42 96 E8 CC 33 C3 3C AA 55 05 58 33 33 EF 41 86 52 CC 33 C3 3C AA 55 05 5A 00 00 00 00 0D 58 CC 33 C3 3C AA 55 05 52 00 00 B4 41 FC 0E CC 33 C3 3C AA 55 05 51 33 33 8F 41 87 A6 CC 33 C3 3C AA 55 05 53 00 00 FD 44 AF C4 CC 33 C3 3C AA 55 05 59 00 00 00 00 0D 1C CC 33 C3 3C AA 55 05 6D 00 00 00 3F D9 ED CC 33 C3 3C AA 55 05 6F 00 00 00 00 09 D4 CC 33 C3 3C AA 55 05 67 9A 99 CD 41 9F 5F CC 33 C3 3C AA 55 05 72 33 33 8F 41 40 63 CC 33 C3 3C AA 55 05 68 00 F0 7F 45 39 80 CC 33 C3 3C AA 55 05 6E 00 00 00 00 C9 E9 CC 33 C3 3C AA 55 05 5C 00 00 30 41 3D 04 CC 33 C3 3C AA 55 05 71 00 00 80 40 3B 1C CC 33 C3 3C AA 55 05 98 00 00 20 42 2D B8 CC 33 C3 3C AA 55 05 99 00 00 00 00 1C 1C CC 33 C3 3C AA 55 05 57 00 00 7C 43 FD 14 CC 33 C3 3C AA 55 05 5B 00 F0 7F 45 3D 84 CC 33 C3 3C AA 55 05 70 00 30 7E 45 97 A1 CC 33 C3 3C

2021-03-17 14:45:47:888: 

2021-03-17 14:45:48:196: AA 55 05 80 FC E2 1C 4B 4F D9 CC 33 C3 3C AA 55 05 50 67 66 C8 42 96 E8 CC 33 C3 3C AA 55 05 58 33 33 EF 41 86 52 CC 33 C3 3C AA 55 05 5A 00 00 00 00 0D 58 CC 33 C3 3C AA 55 05 52 00 00 B4 41 FC 0E CC 33 C3 3C AA 55 05 51 33 33 8F 41 87 A6 CC 33 C3 3C AA 55 05 53 00 A0 FD 44 8D C4 CC 33 C3 3C AA 55 05 59 00 00 00 00 0D 1C CC 33 C3 3C AA 55 05 6D 00 00 00 3F D9 ED CC 33 C3 3C AA 55 05 6F 00 00 00 00 09 D4 CC 33 C3 3C AA 55 05 67 9A 99 CD 41 9F 5F CC 33 C3 3C AA 55 05 72 33 33 8F 41 40 63 CC 33 C3 3C AA 55 05 68 00 F0 7F 45 39 80 CC 33 C3 3C AA 55 05 6E 00 00 00 00 C9 E9 CC 33 C3 3C AA 55 05 5C 00 00 30 41 3D 04 CC 33 C3 3C AA 55 05 71 00 00 80 40 3B 1C CC 33 C3 3C AA 55 05 98 00 00 20 42 2D B8 CC 33 C3 3C AA 55 05 99 00 00 00 00 1C 1C CC 33 C3 3C AA 55 05 57 00 00 7D 43 6D 15 CC 33 C3 3C AA 55 05 5B 00 F0 7F 45 3D 84 CC 33 C3 3C AA 55 05 70 00 30 7E 45 97 A1 CC 33 C3 3C

2021-03-17 14:45:48:234: 

2021-03-17 14:45:48:545: AA 55 05 80 1F E3 1C 4B 0B BF CC 33 C3 3C AA 55 05 50 67 66 C8 42 96 E8 CC 33 C3 3C AA 55 05 58 33 33 EF 41 86 52 CC 33 C3 3C AA 55 05 5A 00 00 00 00 0D 58 CC 33 C3 3C AA 55 05 52 00 00 B4 41 FC 0E CC 33 C3 3C AA 55 05 51 00 00 90 41 FC 51 CC 33 C3 3C AA 55 05 53 00 20 FD 44 65 C5 CC 33 C3 3C AA 55 05 59 00 00 00 00 0D 1C CC 33 C3 3C AA 55 05 6D 00 00 00 3F D9 ED CC 33 C3 3C AA 55 05 6F 00 00 00 00 09 D4 CC 33 C3 3C AA 55 05 67 9A 99 CD 41 9F 5F CC 33 C3 3C AA 55 05 72 00 00 90 41 3B 94 CC 33 C3 3C AA 55 05 68 00 F0 7F 45 39 80 CC 33 C3 3C AA 55 05 6E 00 00 00 00 C9 E9 CC 33 C3 3C AA 55 05 5C 00 00 30 41 3D 04 CC 33 C3 3C AA 55 05 71 00 00 80 40 3B 1C CC 33 C3 3C AA 55 05 98 00 00 20 42 2D B8 CC 33 C3 3C AA 55 05 99 00 00 00 00 1C 1C CC 33 C3 3C AA 55 05 57 00 00 7D 43 6D 15 CC 33 C3 3C AA 55 05 5B 00 F0 7F 45 3D 84 CC 33 C3 3C AA 55 05 70 00 30 7E 45 97 A1 CC 33 C3 3C

2021-03-17 14:45:48:614: 

2021-03-17 14:45:48:895: AA 55 05 80 42 E3 1C 4B A7 AC CC 33 C3 3C AA 55 05 50 67 66 C8 42 96 E8 CC 33 C3 3C AA 55 05 58 33 33 EF 41 86 52 CC 33 C3 3C AA 55 05 5A 00 00 00 00 0D 58 CC 33 C3 3C AA 55 05 52 00 00 B4 41 FC 0E CC 33 C3 3C AA 55 05 51 00 00 90 41 FC 51 CC 33 C3 3C AA 55 05 53 00 00 FD 44 AF C4 CC 33 C3 3C AA 55 05 59 00 00 00 00 0D 1C CC 33 C3 3C AA 55 05 6D 00 00 00 3F D9 ED CC 33 C3 3C AA 55 05 6F 00 00 00 00 09 D4 CC 33 C3 3C AA 55 05 67 9A 99 CD 41 9F 5F CC 33 C3 3C AA 55 05 72 00 00 90 41 3B 94 CC 33 C3 3C AA 55 05 68 00 F0 7F 45 39 80 CC 33 C3 3C AA 55 05 6E 00 00 00 00 C9 E9 CC 33 C3 3C AA 55 05 5C 00 00 30 41 3D 04 CC 33 C3 3C AA 55 05 71 00 00 80 40 3B 1C CC 33 C3 3C AA 55 05 98 00 00 20 42 2D B8 CC 33 C3 3C AA 55 05 99 00 00 00 00 1C 1C CC 33 C3 3C AA 55 05 57 00 00 7D 43 6D 15 CC 33 C3 3C AA 55 05 5B 00 F0 7F 45 3D 84 CC 33 C3 3C AA 55 05 70 00 20 7E 45 52 A0 CC 33 C3 3C

2021-03-17 14:45:48:929: 

2021-03-17 14:45:49:245: AA 55 05 80 65 E3 1C 4B 13 A6 CC 33 C3 3C AA 55 05 50 67 66 C8 42 96 E8 CC 33 C3 3C AA 55 05 58 33 33 EF 41 86 52 CC 33 C3 3C AA 55 05 5A 00 00 00 00 0D 58 CC 33 C3 3C AA 55 05 52 00 00 B4 41 FC 0E CC 33 C3 3C AA 55 05 51 00 00 90 41 FC 51 CC 33 C3 3C AA 55 05 53 00 60 FD 44 B1 C4 CC 33 C3 3C AA 55 05 59 00 00 00 00 0D 1C CC 33 C3 3C AA 55 05 6D 00 00 00 3F D9 ED CC 33 C3 3C AA 55 05 6F 00 00 00 00 09 D4 CC 33 C3 3C AA 55 05 67 9A 99 CD 41 9F 5F CC 33 C3 3C AA 55 05 72 00 00 90 41 3B 94 CC 33 C3 3C AA 55 05 68 00 F0 7F 45 39 80 CC 33 C3 3C AA 55 05 6E 00 00 00 00 C9 E9 CC 33 C3 3C AA 55 05 5C 00 00 30 41 3D 04 CC 33 C3 3C AA 55 05 71 00 00 80 40 3B 1C CC 33 C3 3C AA 55 05 98 00 00 20 42 2D B8 CC 33 C3 3C AA 55 05 99 00 00 00 00 1C 1C CC 33 C3 3C AA 55 05 57 00 00 7E 43 9D 15 CC 33 C3 3C AA 55 05 5B 00 F0 7F 45 3D 84 CC 33 C3 3C AA 55 05 70 00 30 7E 45 97 A1 CC 33 C3 3C

2021-03-17 14:45:49:295: 

2021-03-17 14:45:49:595: AA 55 05 80 88 E3 1C 4B 7F 93 CC 33 C3 3C AA 55 05 50 67 66 C8 42 96 E8 CC 33 C3 3C AA 55 05 58 00 00 F0 41 FD A5 CC 33 C3 3C AA 55 05 5A 00 00 00 00 0D 58 CC 33 C3 3C AA 55 05 52 00 00 B4 41 FC 0E CC 33 C3 3C AA 55 05 51 00 00 90 41 FC 51 CC 33 C3 3C AA 55 05 53 00 20 FD 44 65 C5 CC 33 C3 3C AA 55 05 59 00 00 00 00 0D 1C CC 33 C3 3C AA 55 05 6D 00 00 00 3F D9 ED CC 33 C3 3C AA 55 05 6F 00 00 00 00 09 D4 CC 33 C3 3C AA 55 05 67 9A 99 CD 41 9F 5F CC 33 C3 3C AA 55 05 72 00 00 90 41 3B 94 CC 33 C3 3C AA 55 05 68 00 F0 7F 45 39 80 CC 33 C3 3C AA 55 05 6E 00 00 00 00 C9 E9 CC 33 C3 3C AA 55 05 5C 00 00 30 41 3D 04 CC 33 C3 3C AA 55 05 71 00 00 80 40 3B 1C CC 33 C3 3C AA 55 05 98 00 00 20 42 2D B8 CC 33 C3 3C AA 55 05 99 00 00 00 00 1C 1C CC 33 C3 3C AA 55 05 57 00 00 7E 43 9D 15 CC 33 C3 3C AA 55 05 5B 00 F0 7F 45 3D 84 CC 33 C3 3C AA 55 05 70 00 20 7E 45 52 A0 CC 33 C3 3C

2021-03-17 14:45:49:634: 

2021-03-17 14:45:49:945: AA 55 05 80 AB E3 1C 4B FB 98 CC 33 C3 3C AA 55 05 50 67 66 C8 42 96 E8 CC 33 C3 3C AA 55 05 58 00 00 F0 41 FD A5 CC 33 C3 3C AA 55 05 5A 00 00 00 00 0D 58 CC 33 C3 3C AA 55 05 52 00 00 B4 41 FC 0E CC 33 C3 3C AA 55 05 51 00 00 90 41 FC 51 CC 33 C3 3C AA 55 05 53 00 40 FD 44 7B C5 CC 33 C3 3C AA 55 05 59 00 00 00 00 0D 1C CC 33 C3 3C AA 55 05 6D 00 00 00 3F D9 ED CC 33 C3 3C AA 55 05 6F 00 00 00 00 09 D4 CC 33 C3 3C AA 55 05 67 9A 99 CD 41 9F 5F CC 33 C3 3C AA 55 05 72 00 00 90 41 3B 94 CC 33 C3 3C AA 55 05 68 00 F0 7F 45 39 80 CC 33 C3 3C AA 55 05 6E 00 00 00 00 C9 E9 CC 33 C3 3C AA 55 05 5C 00 00 30 41 3D 04 CC 33 C3 3C AA 55 05 71 00 00 80 40 3B 1C CC 33 C3 3C AA 55 05 98 00 00 20 42 2D B8 CC 33 C3 3C AA 55 05 99 00 00 00 00 1C 1C CC 33 C3 3C AA 55 05 57 00 00 7E 43 9D 15 CC 33 C3 3C AA 55 05 5B 00 F0 7F 45 3D 84 CC 33 C3 3C AA 55 05 70 00 30 7E 45 97 A1 CC 33 C3 3C

2021-03-17 14:45:49:998: 

2021-03-17 14:45:50:294: AA 55 05 80 CE E3 1C 4B 37 86 CC 33 C3 3C AA 55 05 50 67 66 C8 42 96 E8 CC 33 C3 3C AA 55 05 58 00 00 F0 41 FD A5 CC 33 C3 3C AA 55 05 5A 00 00 00 00 0D 58 CC 33 C3 3C AA 55 05 52 00 00 B4 41 FC 0E CC 33 C3 3C AA 55 05 51 00 00 90 41 FC 51 CC 33 C3 3C AA 55 05 53 00 60 FD 44 B1 C4 CC 33 C3 3C AA 55 05 59 00 00 00 00 0D 1C CC 33 C3 3C AA 55 05 6D 00 00 00 3F D9 ED CC 33 C3 3C AA 55 05 6F 00 00 00 00 09 D4 CC 33 C3 3C AA 55 05 67 9A 99 CD 41 9F 5F CC 33 C3 3C AA 55 05 72 00 00 90 41 3B 94 CC 33 C3 3C AA 55 05 68 00 F0 7F 45 39 80 CC 33 C3 3C AA 55 05 6E 00 00 00 00 C9 E9 CC 33 C3 3C AA 55 05 5C 00 00 30 41 3D 04 CC 33 C3 3C AA 55 05 71 00 00 80 40 3B 1C CC 33 C3 3C AA 55 05 98 00 00 20 42 2D B8 CC 33 C3 3C AA 55 05 99 00 00 00 00 1C 1C CC 33 C3 3C AA 55 05 57 00 00 7F 43 0D 14 CC 33 C3 3C AA 55 05 5B 00 F0 7F 45 3D 84 CC 33 C3 3C AA 55 05 70 00 20 7E 45 52 A0 CC 33 C3 3C

2021-03-17 14:45:50:322: 

2021-03-17 14:45:50:645: AA 55 05 80 F1 E3 1C 4B 23 8A CC 33 C3 3C AA 55 05 50 67 66 C8 42 96 E8 CC 33 C3 3C AA 55 05 58 00 00 F0 41 FD A5 CC 33 C3 3C AA 55 05 5A 00 00 00 00 0D 58 CC 33 C3 3C AA 55 05 52 00 00 B4 41 FC 0E CC 33 C3 3C AA 55 05 51 00 00 90 41 FC 51 CC 33 C3 3C AA 55 05 53 00 40 FD 44 7B C5 CC 33 C3 3C AA 55 05 59 00 00 00 00 0D 1C CC 33 C3 3C AA 55 05 6D 00 00 00 3F D9 ED CC 33 C3 3C AA 55 05 6F 00 00 00 00 09 D4 CC 33 C3 3C AA 55 05 67 9A 99 CD 41 9F 5F CC 33 C3 3C AA 55 05 72 00 00 90 41 3B 94 CC 33 C3 3C AA 55 05 68 00 F0 7F 45 39 80 CC 33 C3 3C AA 55 05 6E 00 00 00 00 C9 E9 CC 33 C3 3C AA 55 05 5C 00 00 30 41 3D 04 CC 33 C3 3C AA 55 05 71 00 00 80 40 3B 1C CC 33 C3 3C AA 55 05 98 00 00 20 42 2D B8 CC 33 C3 3C AA 55 05 99 00 00 00 00 1C 1C CC 33 C3 3C AA 55 05 57 00 00 7F 43 0D 14 CC 33 C3 3C AA 55 05 5B 00 F0 7F 45 3D 84 CC 33 C3 3C AA 55 05 70 00 30 7E 45 97 A1 CC 33 C3 3C

2021-03-17 14:45:50:691: 

2021-03-17 14:45:50:995: AA 55 05 80 14 E4 1C 4B EE 0C CC 33 C3 3C AA 55 05 50 67 66 C8 42 96 E8 CC 33 C3 3C AA 55 05 58 00 00 F0 41 FD A5 CC 33 C3 3C AA 55 05 5A 00 00 00 00 0D 58 CC 33 C3 3C AA 55 05 52 00 00 B4 41 FC 0E CC 33 C3 3C AA 55 05 51 00 00 90 41 FC 51 CC 33 C3 3C AA 55 05 53 00 40 FD 44 7B C5 CC 33 C3 3C AA 55 05 59 00 00 00 00 0D 1C CC 33 C3 3C AA 55 05 6D 00 00 00 3F D9 ED CC 33 C3 3C AA 55 05 6F 00 00 00 00 09 D4 CC 33 C3 3C AA 55 05 67 9A 99 CD 41 9F 5F CC 33 C3 3C AA 55 05 72 00 00 90 41 3B 94 CC 33 C3 3C AA 55 05 68 00 F0 7F 45 39 80 CC 33 C3 3C AA 55 05 6E 00 00 00 00 C9 E9 CC 33 C3 3C AA 55 05 5C 00 00 30 41 3D 04 CC 33 C3 3C AA 55 05 71 00 00 80 40 3B 1C CC 33 C3 3C AA 55 05 98 00 00 20 42 2D B8 CC 33 C3 3C AA 55 05 99 00 00 00 00 1C 1C CC 33 C3 3C AA 55 05 57 00 00 7F 43 0D 14 CC 33 C3 3C AA 55 05 5B 00 F0 7F 45 3D 84 CC 33 C3 3C AA 55 05 70 00 30 7E 45 97 A1 CC 33 C3 3C

2021-03-17 14:45:51:045: 

2021-03-17 14:45:51:344: AA 55 05 80 37 E4 1C 4B 6A 07 CC 33 C3 3C AA 55 05 50 67 66 C8 42 96 E8 CC 33 C3 3C AA 55 05 58 00 00 F0 41 FD A5 CC 33 C3 3C AA 55 05 5A 00 00 00 00 0D 58 CC 33 C3 3C AA 55 05 52 00 00 B4 41 FC 0E CC 33 C3 3C AA 55 05 51 00 00 90 41 FC 51 CC 33 C3 3C AA 55 05 53 00 40 FD 44 7B C5 CC 33 C3 3C AA 55 05 59 00 00 00 00 0D 1C CC 33 C3 3C AA 55 05 6D 00 00 00 3F D9 ED CC 33 C3 3C AA 55 05 6F 00 00 00 00 09 D4 CC 33 C3 3C AA 55 05 67 9A 99 CD 41 9F 5F CC 33 C3 3C AA 55 05 72 00 00 90 41 3B 94 CC 33 C3 3C AA 55 05 68 00 F0 7F 45 39 80 CC 33 C3 3C AA 55 05 6E 00 00 00 00 C9 E9 CC 33 C3 3C AA 55 05 5C 00 00 30 41 3D 04 CC 33 C3 3C AA 55 05 71 00 00 80 40 3B 1C CC 33 C3 3C AA 55 05 98 00 00 20 42 2D B8 CC 33 C3 3C AA 55 05 99 00 00 00 00 1C 1C CC 33 C3 3C AA 55 05 57 00 00 80 43 FD 55 CC 33 C3 3C AA 55 05 5B 00 F0 7F 45 3D 84 CC 33 C3 3C AA 55 05 70 00 30 7E 45 97 A1 CC 33 C3 3C

2021-03-17 14:45:51:375: 

2021-03-17 14:45:51:695: AA 55 05 80 5A E4 1C 4B C6 1B CC 33 C3 3C AA 55 05 50 67 66 C8 42 96 E8 CC 33 C3 3C AA 55 05 58 00 00 F0 41 FD A5 CC 33 C3 3C AA 55 05 5A 00 00 00 00 0D 58 CC 33 C3 3C AA 55 05 52 00 00 B4 41 FC 0E CC 33 C3 3C AA 55 05 51 00 00 90 41 FC 51 CC 33 C3 3C AA 55 05 53 00 20 FD 44 65 C5 CC 33 C3 3C AA 55 05 59 00 00 00 00 0D 1C CC 33 C3 3C AA 55 05 6D 00 00 00 3F D9 ED CC 33 C3 3C AA 55 05 6F 00 00 00 00 09 D4 CC 33 C3 3C AA 55 05 67 9A 99 CD 41 9F 5F CC 33 C3 3C AA 55 05 72 00 00 90 41 3B 94 CC 33 C3 3C AA 55 05 68 00 F0 7F 45 39 80 CC 33 C3 3C AA 55 05 6E 00 00 00 00 C9 E9 CC 33 C3 3C AA 55 05 5C 00 00 30 41 3D 04 CC 33 C3 3C AA 55 05 71 00 00 80 40 3B 1C CC 33 C3 3C AA 55 05 98 00 00 20 42 2D B8 CC 33 C3 3C AA 55 05 99 00 00 00 00 1C 1C CC 33 C3 3C AA 55 05 57 00 00 80 43 FD 55 CC 33 C3 3C AA 55 05 5B 00 F0 7F 45 3D 84 CC 33 C3 3C AA 55 05 70 00 20 7E 45 52 A0 CC 33 C3 3C

2021-03-17 14:45:51:748: 

2021-03-17 14:45:52:045: AA 55 05 80 7D E4 1C 4B 72 11 CC 33 C3 3C AA 55 05 50 67 66 C8 42 96 E8 CC 33 C3 3C AA 55 05 58 00 00 F0 41 FD A5 CC 33 C3 3C AA 55 05 5A 00 00 00 00 0D 58 CC 33 C3 3C AA 55 05 52 00 00 B4 41 FC 0E CC 33 C3 3C AA 55 05 51 00 00 90 41 FC 51 CC 33 C3 3C AA 55 05 53 00 C0 FC 44 03 C5 CC 33 C3 3C AA 55 05 59 00 00 00 00 0D 1C CC 33 C3 3C AA 55 05 6D 00 00 00 3F D9 ED CC 33 C3 3C AA 55 05 6F 00 00 00 00 09 D4 CC 33 C3 3C AA 55 05 67 9A 99 CD 41 9F 5F CC 33 C3 3C AA 55 05 72 00 00 90 41 3B 94 CC 33 C3 3C AA 55 05 68 00 F0 7F 45 39 80 CC 33 C3 3C AA 55 05 6E 00 00 00 00 C9 E9 CC 33 C3 3C AA 55 05 5C 00 00 30 41 3D 04 CC 33 C3 3C AA 55 05 71 00 00 80 40 3B 1C CC 33 C3 3C AA 55 05 98 00 00 20 42 2D B8 CC 33 C3 3C AA 55 05 99 00 00 00 00 1C 1C CC 33 C3 3C AA 55 05 57 00 00 80 43 FD 55 CC 33 C3 3C AA 55 05 5B 00 F0 7F 45 3D 84 CC 33 C3 3C AA 55 05 70 00 20 7E 45 52 A0 CC 33 C3 3C

2021-03-17 14:45:52:105: 

2021-03-17 14:45:52:394: AA 55 05 80 A0 E4 1C 4B 1E 2B CC 33 C3 3C AA 55 05 50 67 66 C8 42 96 E8 CC 33 C3 3C AA 55 05 58 CD CC F0 41 6E 5B CC 33 C3 3C AA 55 05 5A 00 00 00 00 0D 58 CC 33 C3 3C AA 55 05 52 00 00 B4 41 FC 0E CC 33 C3 3C AA 55 05 51 00 00 90 41 FC 51 CC 33 C3 3C AA 55 05 53 00 20 FD 44 65 C5 CC 33 C3 3C AA 55 05 59 00 00 00 00 0D 1C CC 33 C3 3C AA 55 05 6D 00 00 00 3F D9 ED CC 33 C3 3C AA 55 05 6F 00 00 00 00 09 D4 CC 33 C3 3C AA 55 05 67 9A 99 CD 41 9F 5F CC 33 C3 3C AA 55 05 72 00 00 90 41 3B 94 CC 33 C3 3C AA 55 05 68 00 F0 7F 45 39 80 CC 33 C3 3C AA 55 05 6E 00 00 00 00 C9 E9 CC 33 C3 3C AA 55 05 5C 00 00 30 41 3D 04 CC 33 C3 3C AA 55 05 71 00 00 80 40 3B 1C CC 33 C3 3C AA 55 05 98 00 00 20 42 2D B8 CC 33 C3 3C AA 55 05 99 00 00 00 00 1C 1C CC 33 C3 3C AA 55 05 57 00 80 80 43 15 54 CC 33 C3 3C AA 55 05 5B 00 F0 7F 45 3D 84 CC 33 C3 3C AA 55 05 70 00 20 7E 45 52 A0 CC 33 C3 3C

2021-03-17 14:45:52:427: 

2021-03-17 14:45:52:744: AA 55 05 80 C3 E4 1C 4B 5A 35 CC 33 C3 3C AA 55 05 50 67 66 C8 42 96 E8 CC 33 C3 3C AA 55 05 58 CD CC F0 41 6E 5B CC 33 C3 3C AA 55 05 5A 00 00 00 00 0D 58 CC 33 C3 3C AA 55 05 52 00 00 B4 41 FC 0E CC 33 C3 3C AA 55 05 51 00 00 90 41 FC 51 CC 33 C3 3C AA 55 05 53 00 A0 FC 44 1D C5 CC 33 C3 3C AA 55 05 59 00 00 00 00 0D 1C CC 33 C3 3C AA 55 05 6D 00 00 00 3F D9 ED CC 33 C3 3C AA 55 05 6F 00 00 00 00 09 D4 CC 33 C3 3C AA 55 05 67 9A 99 CD 41 9F 5F CC 33 C3 3C AA 55 05 72 00 00 90 41 3B 94 CC 33 C3 3C AA 55 05 68 00 F0 7F 45 39 80 CC 33 C3 3C AA 55 05 6E 00 00 00 00 C9 E9 CC 33 C3 3C AA 55 05 5C 00 00 30 41 3D 04 CC 33 C3 3C AA 55 05 71 00 00 80 40 3B 1C CC 33 C3 3C AA 55 05 98 00 00 20 42 2D B8 CC 33 C3 3C AA 55 05 99 00 00 00 00 1C 1C CC 33 C3 3C AA 55 05 57 00 80 80 43 15 54 CC 33 C3 3C AA 55 05 5B 00 F0 7F 45 3D 84 CC 33 C3 3C AA 55 05 70 00 20 7E 45 52 A0 CC 33 C3 3C

2021-03-17 14:45:52:775: 

2021-03-17 14:45:53:095: AA 55 05 80 E6 E4 1C 4B 56 3E CC 33 C3 3C AA 55 05 50 67 66 C8 42 96 E8 CC 33 C3 3C AA 55 05 58 CD CC F0 41 6E 5B CC 33 C3 3C AA 55 05 5A 00 00 00 00 0D 58 CC 33 C3 3C AA 55 05 52 00 00 B4 41 FC 0E CC 33 C3 3C AA 55 05 51 00 00 90 41 FC 51 CC 33 C3 3C AA 55 05 53 00 E0 FC 44 C9 C4 CC 33 C3 3C AA 55 05 59 00 00 00 00 0D 1C CC 33 C3 3C AA 55 05 6D 00 00 00 3F D9 ED CC 33 C3 3C AA 55 05 6F 00 00 00 00 09 D4 CC 33 C3 3C AA 55 05 67 9A 99 CD 41 9F 5F CC 33 C3 3C AA 55 05 72 00 00 90 41 3B 94 CC 33 C3 3C AA 55 05 68 00 F0 7F 45 39 80 CC 33 C3 3C AA 55 05 6E 00 00 00 00 C9 E9 CC 33 C3 3C AA 55 05 5C 00 00 30 41 3D 04 CC 33 C3 3C AA 55 05 71 00 00 80 40 3B 1C CC 33 C3 3C AA 55 05 98 00 00 20 42 2D B8 CC 33 C3 3C AA 55 05 99 00 00 00 00 1C 1C CC 33 C3 3C AA 55 05 57 00 80 80 43 15 54 CC 33 C3 3C AA 55 05 5B 00 F0 7F 45 3D 84 CC 33 C3 3C AA 55 05 70 00 20 7E 45 52 A0 CC 33 C3 3C

2021-03-17 14:45:53:145: 

 3D B0 CC 33 C3 3C AA 55 05 71 00 00 80 40 3B 1C CC 33 C3 3C AA 55 05 98 00 00 00 00 DC 21 CC 33 C3 3C AA 55 05 99 00 00 00 00 1C 1C CC 33 C3 3C AA 55 05 5B 00 C0 78 45 02 86 CC 33 C3 3C AA 55 05 70 00 F0 7F 45 3B A0 CC 33 C3 3C

2021-03-17 08:58:07:230: 

2021-03-17 08:58:07:266: 

2021-03-17 08:58:07:303: 

2021-03-17 08:58:07:341: AA 55 05 80 38 1C FA 4A 2F 0E CC 33 C3 3C AA 55 05 50 9A 99 DC 42 0A E6 CC 33 C3 3C AA 55 05 58 67 66 BA 41 F6 6D CC 33 C3 3C AA 55 05 5A 00 00 00 00 0D 58 CC 33 C3 3C AA 55

2021-03-17 08:58:07:388: 

2021-03-17 08:58:07:425: 

2021-03-17 08:58:07:461: 

2021-03-17 08:58:07:499: 05 52 33 33 CF 41 47 D3 CC 33 C3 3C AA 55 05 51 67 66 D2 41 37 9E CC 33 C3 3C AA 55 05 53 00 00 00 40 FC 85 CC 33 C3 3C AA 55 05 59 00 00 00 00 0D 1C CC 33 C3 3C AA 55 05 6D 67 66 E6 BF 72 59 CC 33 C3 3C AA 55 05 6F 00 00 00 00 09 D4 CC 33 C3 3C AA 55 05 67 00 00 D0 41 38 A8 CC 33 C3 3C AA 55 05 72 67 66 D2 41 F0 5B CC 33 C3 3C AA 55 05 68 00 F0 7F 45 39 80 CC 33 C3 3C AA 55 05 6E 00 00 00 00 C9 E9 CC 33 C3 3C AA 55 05 5C 00 00 80 40 3D B0 CC 33 C3 3C AA 55 05 71 00 00 80 40 3B 1C CC 33 C3 3C AA 55 05 98 00 00 00 00 DC 21 CC 33 C3 3C AA 55 05 99 00 00 00 00 1C 1C CC 33 C3 3C AA 55 05 5B 00 C0 78 45 02 86 CC 33 C3 3C AA 55 05 70 00 F0 7F 45 3B A0 CC 33 C3 3C

2021-03-17 08:58:07:569: 

2021-03-17 08:58:07:607: 

2021-03-17 08:58:07:645: 

2021-03-17 08:58:07:685: AA 55 05 80 7C 1C FA 4A DF 1A

2021-03-17 08:58:07:724: 

2021-03-17 08:58:07:767: 

2021-03-17 08:58:07:804: 

2021-03-17 08:58:07:840: 

2021-03-17 08:58:07:877: 

2021-03-17 08:58:07:917: 

2021-03-17 08:58:07:959: 

2021-03-17 08:58:07:995: CC 33 C3 3C AA 55 05 50 9A 99 DC 42 0A E6 CC 33 C3 3C AA 55 05 58 67 66 BA 41 F6 6D CC 33 C3 3C AA 55 05 5A 00 00 00 00 0D 58 CC 33 C3 3C AA 55 05 52 33 33 CF 41 47 D3 CC 33 C3 3C AA 55 05 51 67 66 D2 41 37 9E CC 33 C3 3C AA 55 05 53 00 00 00 40 FC 85 CC 33 C3 3C AA 55 05 59 00 00 00 00 0D 1C CC 33 C3 3C AA 55 05 6D 67 66 E6 BF 72 59 CC 33 C3 3C AA 55 05 6F 00 00 00 00 09 D4 CC 33 C3 3C AA 55 05 67 00 00 D0 41 38 A8 CC 33 C3 3C AA 55 05 72 67 66 D2 41 F0 5B CC 33 C3 3C AA 55 05 68 00 F0 7F 45 39 80 CC 33 C3 3C AA 55 05 6E 00 00 00 00 C9 E9 CC 33 C3 3C AA 55 05 5C 00 00 80 40 3D B0 CC 33 C3 3C AA 55 05 71 00 00 80 40 3B 1C CC 33 C3 3C AA 55 05 98 00 00 00 00 DC 21 CC 33 C3 3C AA 55 05 99 00 00 00 00 1C 1C CC 33 C3 3C AA 55 05 5B 00 B0 78 45 D9 87 CC 33 C3 3C AA 55 05 70 00 F0 7F 45 3B A0 CC 33 C3 3C

2021-03-17 08:58:08:072: 

2021-03-17 08:58:08:109: 

2021-03-17 08:58:08:150: 

2021-03-17 08:58:08:187: AA 55 05 80 C0 1C FA 4A 4F 3F CC 33 C3 3C AA 55 05 50 9A 99 DC 42 0A E6 CC 33 C3 3C AA 55 05 58 67 66 BA 41 F6 6D CC 33 C3 3C AA 55 05 5A 00 00 00 00 0D 58 CC

2021-03-17 08:58:08:233: 

2021-03-17 08:58:08:270: 

2021-03-17 08:58:08:308: 

2021-03-17 08:58:08:346: 33 C3 3C AA 55 05 52 33 33 CF 41 47 D3 CC 33 C3 3C AA 55 05 51 67 66 D2 41 37 9E CC 33 C3 3C AA 55 05 53 00 00 00 40 FC 85 CC 33 C3 3C AA 55 05 59 00 00 00 00 0D 1C CC 33 C3 3C AA 55 05 6D 67 66 E6 BF 72 59 CC 33 C3 3C AA 55 05 6F 00 00 00 00 09 D4 CC 33 C3 3C AA 55 05 67 00 00 D0 41 38 A8 CC 33 C3 3C AA 55 05 72 67 66 D2 41 F0 5B CC 33 C3 3C AA 55 05 68 00 F0 7F 45 39 80 CC 33 C3 3C AA 55 05 6E 00 00 00 00 C9 E9 CC 33 C3 3C AA 55 05 5C 00 00 80 40 3D B0 CC 33 C3 3C AA 55 05 71 00 00 80 40 3B 1C CC 33 C3 3C AA 55 05 98 00 00 00 00 DC 21 CC 33 C3 3C AA 55 05 99 00 00 00 00 1C 1C CC 33 C3 3C AA 55 05 5B 00 C0 78 45 02 86 CC 33 C3 3C AA 55 05 70 00 F0 7F 45 3B A0 CC 33 C3 3C

2021-03-17 08:58:08:416: 

2021-03-17 08:58:08:454: 

2021-03-17 08:58:08:491: 

2021-03-17 08:58:08:531: AA 55 05 80 04 1D FA 4A BF 53 CC 33 C3 3C AA 55 05 50 9A 99 DC 42 0A E6 CC 33 C3 3C AA 55

2021-03-17 08:58:08:576: 

2021-03-17 08:58:08:614: 

2021-03-17 08:58:08:652: 

2021-03-17 08:58:08:691: 05 58 67 66 BA 41 F6 6D CC 33 C3 3C AA 55 05 5A 00 00 00 00 0D 58 CC 33 C3 3C AA 55 05 52 33 33 CF 41 47 D3 CC 33 C3 3C AA 55 05 51 67 66 D2 41 37 9E CC 33 C3 3C AA 55 05 53 00 00 00 40 FC 85 CC 33 C3 3C AA 55 05 59 00 00 00 00 0D 1C CC 33 C3 3C AA 55 05 6D 67 66 E6 BF 72 59 CC 33 C3 3C AA 55 05 6F 00 00 00 00 09 D4 CC 33 C3 3C AA 55 05 67 00 00 D0 41 38 A8 CC 33 C3 3C AA 55 05 72 67 66 D2 41 F0 5B CC 33 C3 3C AA 55 05 68 00 F0 7F 45 39 80 CC 33 C3 3C AA 55 05 6E 00 00 00 00 C9 E9 CC 33 C3 3C AA 55 05 5C 00 00 80 40 3D B0 CC 33 C3 3C AA 55 05 71 00 00 80 40 3B 1C CC 33 C3 3C AA 55 05 98 00 00 00 00 DC 21 CC 33 C3 3C AA 55 05 99 00 00 00 00 1C 1C CC 33 C3 3C AA 55 05 5B 00 C0 78 45 02 86 CC 33 C3 3C AA 55 05 70 00 F0 7F 45 3B A0 CC 33 C3 3C

2021-03-17 08:58:08:767: 

2021-03-17 08:58:08:806: 

2021-03-17 08:58:08:843: 

2021-03-17 08:58:08:883: AA 55 05 80 48 1D FA 4A 2F 45 CC 33 C3 3C AA 55 05 50 9A 99 DC 42 0A E6 CC 33 C3 3C AA 55 05 58 9A 99 B9 41 9A 6C CC 33 C3 3C AA 55 05 5A 00 00 00 00 0D 58 CC 33 C3 3C AA 55 05 52 33 33 CF 41 47 D3 CC 33 C3 3C AA 55 05 51 67 66 D2 41 37 9E CC 33 C3 3C AA 55 05 53 00 00 00 40 FC 85 CC 33 C3 3C AA 55 05 59 00 00 00 00 0D 1C CC 33 C3 3C AA 55 05 6D 67 66 E6 BF 72 59 CC 33 C3 3C AA 55 05 6F 00 00 00 00 09 D4 CC 33 C3 3C AA 55 05 67 00 00 D0 41 38 A8 CC 33 C3 3C AA 55 05 72 67 66 D2 41 F0 5B CC 33 C3 3C AA 55 05 68 00 F0 7F 45 39 80 CC 33 C3 3C AA 55 05 6E 00 00 00 00 C9 E9 CC 33 C3 3C AA 55 05 5C 00 00 80 40 3D B0 CC 33 C3 3C AA 55 05 71 00 00 80 40 3B 1C CC 33 C3 3C AA 55 05 98 00 00 00 00 DC 21 CC 33 C3 3C AA 55 05 99 00 00 00 00 1C 1C CC 33 C3 3C AA 55 05 5B 00 C0 78 45 02 86 CC 33 C3 3C AA 55 05 70 00 F0 7F 45 3B A0 CC 33 C3 3C

2021-03-17 08:58:08:964: 

2021-03-17 08:58:09:001: 

2021-03-17 08:58:09:040: 

2021-03-17 08:58:09:081: AA 55 05 80 8C 1D FA 4A 1F 78 CC 33 C3 3C AA 55 05 50 9A 99 DC 42 0A E6 CC 33 C3 3C AA 55 05 58 67 66 BA 41 F6 6D CC 33 C3

2021-03-17 08:58:09:124: 

2021-03-17 08:58:09:168: 

2021-03-17 08:58:09:208: 

2021-03-17 08:58:09:249: 3C AA 55 05 5A 00 00 00 00 0D 58 CC 33 C3 3C AA 55 05 52 33 33 CF 41 47 D3 CC 33 C3 3C AA 55 05 51 67 66 D2 41 37 9E CC 33 C3 3C AA 55 05 53 00 00 00 40 FC 85 CC 33 C3 3C AA 55 05 59 00 00 00 00 0D 1C CC 33 C3 3C AA 55 05 6D 67 66 E6 BF 72 59 CC 33 C3 3C AA 55 05 6F 00 00 00 00 09 D4 CC 33 C3 3C AA 55 05 67 00 00 D0 41 38 A8 CC 33 C3 3C AA 55 05 72 67 66 D2 41 F0 5B CC 33 C3 3C AA 55 05 68 00 F0 7F 45 39 80 CC 33 C3 3C AA 55 05 6E 00 00 00 00 C9 E9 CC 33 C3 3C AA 55 05 5C 00 00 80 40 3D B0 CC 33 C3 3C AA 55 05 71 00 00 80 40 3B 1C CC 33 C3 3C AA 55 05 98 00 00 00 00 DC 21 CC 33 C3 3C AA 55 05 99 00 00 00 00 1C 1C CC 33 C3 3C AA 55 05 5B 00 C0 78 45 02 86 CC 33 C3 3C AA 55 05 70 00 F0 7F 45 3B A0 CC 33 C3 3C

2021-03-17 08:58:09:323: 

2021-03-17 08:58:09:366: 

2021-03-17 08:58:09:405: 

2021-03-17 08:58:09:444: AA 55 05 80 D0 1D FA 4A 4F 6A CC 33 C3 3C AA 55 05 50

2021-03-17 08:58:09:487: 

2021-03-17 08:58:09:526: 

2021-03-17 08:58:09:568: 

2021-03-17 08:58:09:608: 9A 99 DC 42 0A E6 CC 33 C3 3C AA 55 05 58 67 66 BA 41 F6 6D CC 33 C3 3C AA 55 05 5A 00 00 00 00 0D 58 CC 33 C3 3C AA 55 05 52 33 33 CF 41 47 D3 CC 33 C3 3C AA 55 05 51 67 66 D2 41 37 9E CC 33 C3 3C AA 55 05 53 00 00 00 40 FC 85 CC 33 C3 3C AA 55 05 59 00 00 00 00 0D 1C CC 33 C3 3C AA 55 05 6D 67 66 E6 BF 72 59 CC 33 C3 3C AA 55 05 6F 00 00 00 00 09 D4 CC 33 C3 3C AA 55 05 67 00 00 D0 41 38 A8 CC 33 C3 3C AA 55 05 72 67 66 D2 41 F0 5B CC 33 C3 3C AA 55 05 68 00 F0 7F 45 39 80 CC 33 C3 3C AA 55 05 6E 00 00 00 00 C9 E9 CC 33 C3 3C AA 55 05 5C 00 00 80 40 3D B0 CC 33 C3 3C AA 55 05 71 00 00 80 40 3B 1C CC 33 C3 3C AA 55 05 98 00 00 00 00 DC 21 CC 33 C3 3C AA 55 05 99 00 00 00 00 1C 1C CC 33 C3 3C AA 55 05 5B 00 C0 78 45 02 86 CC 33 C3 3C AA 55 05 70 00 F0 7F 45 3B A0 CC 33 C3 3C

2021-03-17 08:58:09:687: 

2021-03-17 08:58:09:726: 

2021-03-17 08:58:09:768: 

2021-03-17 08:58:09:808: AA 55 05 80 14 1E FA 4A 7F A7 CC 33 C3 3C AA 55 05 50 9A 99 DC 42 0A E6 CC 33 C3 3C AA 55 05 58 67 66 BA 41 F6 6D CC 33 C3 3C AA 55 05 5A 00 00 00 00 0D 58 CC 33 C3 3C AA 55

2021-03-17 08:58:09:856: 

2021-03-17 08:58:09:895: 

2021-03-17 08:58:09:934: 

2021-03-17 08:58:09:976: 05 52 33 33 CF 41 47 D3 CC 33 C3 3C AA 55 05 51 67 66 D2 41 37 9E CC 33 C3 3C AA 55 05 53 00 00 00 40 FC 85 CC 33 C3 3C AA 55 05 59 00 00 00 00 0D 1C CC 33 C3 3C AA 55 05 6D 67 66 E6 BF 72 59 CC 33 C3 3C AA 55 05 6F 00 00 00 00 09 D4 CC 33 C3 3C AA 55 05 67 00 00 D0 41 38 A8 CC 33 C3 3C AA 55 05 72 67 66 D2 41 F0 5B CC 33 C3 3C AA 55 05 68 00 F0 7F 45 39 80 CC 33 C3 3C AA 55 05 6E 00 00 00 00 C9 E9 CC 33 C3 3C AA 55 05 5C 00 00 80 40 3D B0 CC 33 C3 3C AA 55 05 71 00 00 80 40 3B 1C CC 33 C3 3C AA 55 05 98 00 00 00 00 DC 21 CC 33 C3 3C AA 55 05 99 00 00 00 00 1C 1C CC 33 C3 3C AA 55 05 5B 00 C0 78 45 02 86 CC 33 C3 3C AA 55 05 70 00 F0 7F 45 3B A0 CC 33 C3 3C

2021-03-17 08:58:10:050: 

2021-03-17 08:58:10:088: 

2021-03-17 08:58:10:127: 

2021-03-17 08:58:10:169: AA 55 05 80 58 1E FA 4A EF B1 CC 33 C3 3C AA 55 05 50 9A 99 DC 42 0A E6 CC 33 C3 3C AA 55 05 58 9A 99 B9 41

2021-03-17 08:58:10:214: 

2021-03-17 08:58:10:254: 

2021-03-17 08:58:10:293: 

2021-03-17 08:58:10:334: 9A 6C CC 33 C3 3C AA 55 05 5A 00 00 00 00 0D 58 CC 33 C3 3C AA 55 05 52 33 33 CF 41 47 D3 CC 33 C3 3C AA 55 05 51 67 66 D2 41 37 9E CC 33 C3 3C AA 55 05 53 00 00 00 40 FC 85 CC 33 C3 3C AA 55 05 59 00 00 00 00 0D 1C CC 33 C3 3C AA 55 05 6D 67 66 E6 BF 72 59 CC 33 C3 3C AA 55 05 6F 00 00 00 00 09 D4 CC 33 C3 3C AA 55 05 67 00 00 D0 41 38 A8 CC 33 C3 3C AA 55 05 72 67 66 D2 41 F0 5B CC 33 C3 3C AA 55 05 68 00 F0 7F 45 39 80 CC 33 C3 3C AA 55 05 6E 00 00 00 00 C9 E9 CC 33 C3 3C AA 55 05 5C 00 00 80 40 3D B0 CC 33 C3 3C AA 55 05 71 00 00 80 40 3B 1C CC 33 C3 3C AA 55 05 98 00 00 00 00 DC 21 CC 33 C3 3C AA 55 05 99 00 00 00 00 1C 1C CC 33 C3 3C AA 55 05 5B 00 C0 78 45 02 86 CC 33 C3 3C AA 55 05 70 00 F0 7F 45 3B A0 CC 33 C3 3C

2021-03-17 08:58:10:412: 

2021-03-17 08:58:10:453: 

2021-03-17 08:58:10:492: 

2021-03-17 08:58:10:533: AA 55 05 80 9C 1E FA 4A DF 8C CC 33 C3

2021-03-17 08:58:10:578: 

2021-03-17 08:58:10:622: 

2021-03-17 08:58:10:663: 

2021-03-17 08:58:10:705: 3C AA 55 05 50 9A 99 DC 42 0A E6 CC 33 C3 3C AA 55 05 58 67 66 BA 41 F6 6D CC 33 C3 3C AA 55 05 5A 00 00 00 00 0D 58 CC 33 C3 3C AA 55 05 52 33 33 CF 41 47 D3 CC 33 C3 3C AA 55 05 51 67 66 D2 41 37 9E CC 33 C3 3C AA 55 05 53 00 00 00 40 FC 85 CC 33 C3 3C AA 55 05 59 00 00 00 00 0D 1C CC 33 C3 3C AA 55 05 6D 67 66 E6 BF 72 59 CC 33 C3 3C AA 55 05 6F 00 00 00 00 09 D4 CC 33 C3 3C AA 55 05 67 00 00 D0 41 38 A8 CC 33 C3 3C AA 55 05 72 67 66 D2 41 F0 5B CC 33 C3 3C AA 55 05 68 00 F0 7F 45 39 80 CC 33 C3 3C AA 55 05 6E 00 00 00 00 C9 E9 CC 33 C3 3C AA 55 05 5C 00 00 80 40 3D B0 CC 33 C3 3C AA 55 05 71 00 00 80 40 3B 1C CC 33 C3 3C AA 55 05 98 00 00 00 00 DC 21 CC 33 C3 3C AA 55 05 99 00 00 00 00 1C 1C CC 33 C3 3C AA 55 05 5B 00 C0 78 45 02 86 CC 33 C3 3C AA 55 05 70 00 F0 7F 45 3B A0 CC 33 C3 3C

2021-03-17 08:58:10:790: 

2021-03-17 08:58:10:829: 

2021-03-17 08:58:10:869: 

2021-03-17 08:58:10:910: AA 55 05 80 E0 1E FA 4A 4F 95 CC 33 C3 3C AA 55 05 50 9A 99 DC 42 0A E6 CC 33 C3 3C AA 55 05 58 67 66 BA 41 F6 6D CC 33 C3 3C AA 55 05 5A 00 00 00 00 0D 58 CC

2021-03-17 08:58:10:958: 

2021-03-17 08:58:11:001: 

2021-03-17 08:58:11:040: 

2021-03-17 08:58:11:082: 33 C3 3C AA 55 05 52 33 33 CF 41 47 D3 CC 33 C3 3C AA 55 05 51 67 66 D2 41 37 9E CC 33 C3 3C AA 55 05 53 00 00 00 40 FC 85 CC 33 C3 3C AA 55 05 59 00 00 00 00 0D 1C CC 33 C3 3C AA 55 05 6D 67 66 E6 BF 72 59 CC 33 C3 3C AA 55 05 6F 00 00 00 00 09 D4 CC 33 C3 3C AA 55 05 67 00 00 D0 41 38 A8 CC 33 C3 3C AA 55 05 72 67 66 D2 41 F0 5B CC 33 C3 3C AA 55 05 68 00 F0 7F 45 39 80 CC 33 C3 3C AA 55 05 6E 00 00 00 00 C9 E9 CC 33 C3 3C AA 55 05 5C 00 00 80 40 3D B0 CC 33 C3 3C AA 55 05 71 00 00 80 40 3B 1C CC 33 C3 3C AA 55 05 98 00 00 00 00 DC 21 CC 33 C3 3C AA 55 05 99 00 00 00 00 1C 1C CC 33 C3 3C AA 55 05 5B 00 C0 78 45 02 86 CC 33 C3 3C AA 55 05 70 00 F0 7F 45 3B A0 CC 33 C3 3C

2021-03-17 08:58:11:159: 

2021-03-17 08:58:11:202: 

2021-03-17 08:58:11:242: 

2021-03-17 08:58:11:283: AA 55 05 80 24 1F FA 4A BF F9 CC 33 C3 3C AA 55 05 50 9A 99 DC 42 0A E6 CC 33 C3 3C AA 55

2021-03-17 08:58:11:327: 

2021-03-17 08:58:11:368: 

2021-03-17 08:58:11:410: 

2021-03-17 08:58:11:454: 05 58 67 66 BA 41 F6 6D CC 33 C3 3C AA 55 05 5A 00 00 00 00 0D 58 CC 33 C3 3C AA 55 05 52 33 33 CF 41 47 D3 CC 33 C3 3C AA 55 05 51 67 66 D2 41 37 9E CC 33 C3 3C AA 55 05 53 00 00 00 40 FC 85 CC 33 C3 3C AA 55 05 59 00 00 00 00 0D 1C CC 33 C3 3C AA 55 05 6D 67 66 E6 BF 72 59 CC 33 C3 3C AA 55 05 6F 00 00 00 00 09 D4 CC 33 C3 3C AA 55 05 67 00 00 D0 41 38 A8 CC 33 C3 3C AA 55 05 72 67 66 D2 41 F0 5B CC 33 C3 3C AA 55 05 68 00 F0 7F 45 39 80 CC 33 C3 3C AA 55 05 6E 00 00 00 00 C9 E9 CC 33 C3 3C AA 55 05 5C 00 00 80 40 3D B0 CC 33 C3 3C AA 55 05 71 00 00 80 40 3B 1C CC 33 C3 3C AA 55 05 98 00 00 00 00 DC 21 CC 33 C3 3C AA 55 05 99 00 00 00 00 1C 1C CC 33 C3 3C AA 55 05 5B 00 C0 78 45 02 86 CC 33 C3 3C AA 55 05 70 00 F0 7F 45 3B A0 CC 33 C3 3C

2021-03-17 08:58:11:534: 

2021-03-17 08:58:11:574: 

2021-03-17 08:58:11:617: 

2021-03-17 08:58:11:659: AA 55 05 80 68 1F FA 4A 2F EF CC 33 C3 3C AA 55 05 50 9A 99 DC 42 0A E6 CC 33 C3 3C AA 55 05 58 67 66 BA 41 F6 6D CC 33 C3 3C AA 55 05 5A 00 00 00 00 0D 58 CC 33 C3 3C AA 55 05 52 33 33 CF 41 47 D3 CC 33 C3 3C AA 55 05 51 67 66 D2 41 37 9E CC 33 C3 3C AA 55 05 53 00 00 00 40 FC 85 CC 33 C3 3C AA 55 05 59 00 00 00 00 0D 1C CC 33 C3 3C AA 55 05 6D 67 66 E6 BF 72 59 CC 33 C3 3C AA 55 05 6F 00 00 00 00 09 D4 CC 33 C3 3C AA 55 05 67 00 00 D0 41 38 A8 CC 33 C3 3C AA 55 05 72 67 66 D2 41 F0 5B CC 33 C3 3C AA 55 05 68 00 F0 7F 45 39 80 CC 33 C3 3C AA 55 05 6E 00 00 00 00 C9 E9 CC 33 C3 3C AA 55 05 5C 00 00 80 40 3D B0 CC 33 C3 3C AA 55 05 71 00 00 80 40 3B 1C CC 33 C3 3C AA 55 05 98 00 00 00 00 DC 21 CC 33 C3 3C AA 55 05 99 00 00 00 00 1C 1C CC 33 C3 3C AA 55 05 5B 00 C0 78 45 02 86 CC 33 C3 3C AA 55 05 70 00 F0 7F 45 3B A0 CC 33 C3 3C

2021-03-17 08:58:11:744: 

2021-03-17 08:58:11:787: 

2021-03-17 08:58:11:829: 

2021-03-17 08:58:11:872: AA 55 05 80 AC 1F FA 4A 1F D2 CC 33 C3 3C AA 55 05 50 9A 99 DC 42 0A E6 CC 33 C3 3C AA 55 05 58 67 66 BA 41 F6 6D CC 33 C3 3C

2021-03-17 08:58:11:919: 

2021-03-17 08:58:11:959: 

2021-03-17 08:58:12:004: 

2021-03-17 08:58:12:048: AA 55 05 5A 00 00 00 00 0D 58 CC 33 C3 3C AA 55 05 52 33 33 CF 41 47 D3 CC 33 C3 3C AA 55 05 51 67 66 D2 41 37 9E CC 33 C3 3C AA 55 05 53 00 00 00 40 FC 85 CC 33 C3 3C AA 55 05 59 00 00 00 00 0D 1C CC 33 C3 3C AA 55 05 6D 67 66 E6 BF 72 59 CC 33 C3 3C AA 55 05 6F 00 00 00 00 09 D4 CC 33 C3 3C AA 55 05 67 00 00 D0 41 38 A8 CC 33 C3 3C AA 55 05 72 67 66 D2 41 F0 5B CC 33 C3 3C AA 55 05 68 00 F0 7F 45 39 80 CC 33 C3 3C AA 55 05 6E 00 00 00 00 C9 E9 CC 33 C3 3C AA 55 05 5C 00 00 80 40 3D B0 CC 33 C3 3C AA 55 05 71 00 00 80 40 3B 1C CC 33 C3 3C AA 55 05 98 00 00 00 00 DC 21 CC 33 C3 3C AA 55 05 99 00 00 00 00 1C 1C CC 33 C3 3C AA 55 05 5B 00 C0 78 45 02 86 CC 33 C3 3C AA 55 05 70 00 F0 7F 45 3B A0 CC 33 C3 3C

2021-03-17 08:58:12:127: 

2021-03-17 08:58:12:168: 

2021-03-17 08:58:12:213: 

2021-03-17 08:58:12:256: AA 55 05 80 F0 1F FA 4A 4F C0 CC 33 C3 3C AA 55 05 50

2021-03-17 08:58:12:299: 

2021-03-17 08:58:12:339: 

2021-03-17 08:58:12:384: 

2021-03-17 08:58:12:429: 9A 99 DC 42 0A E6 CC 33 C3 3C AA 55 05 58 67 66 BA 41 F6 6D CC 33 C3 3C AA 55 05 5A 00 00 00 00 0D 58 CC 33 C3 3C AA 55 05 52 33 33 CF 41 47 D3 CC 33 C3 3C AA 55 05 51 67 66 D2 41 37 9E CC 33 C3 3C AA 55 05 53 00 00 00 40 FC 85 CC 33 C3 3C AA 55 05 59 00 00 00 00 0D 1C CC 33 C3 3C AA 55 05 6D 67 66 E6 BF 72 59 CC 33 C3 3C AA 55 05 6F 00 00 00 00 09 D4 CC 33 C3 3C AA 55 05 67 00 00 D0 41 38 A8 CC 33 C3 3C AA 55 05 72 67 66 D2 41 F0 5B CC 33 C3 3C AA 55 05 68 00 F0 7F 45 39 80 CC 33 C3 3C AA 55 05 6E 00 00 00 00 C9 E9 CC 33 C3 3C AA 55 05 5C 00 00 80 40 3D B0 CC 33 C3 3C AA 55 05 71 00 00 80 40 3B 1C CC 33 C3 3C AA 55 05 98 00 00 00 00 DC 21 CC 33 C3 3C AA 55 05 99 00 00 00 00 1C 1C CC 33 C3 3C AA 55 05 5B 00 C0 78 45 02 86 CC 33 C3 3C AA 55 05 70 00 F0 7F 45 3B A0 CC 33 C3 3C

2021-03-17 08:58:12:515: 

2021-03-17 08:58:12:557: 

2021-03-17 08:58:12:600: 

2021-03-17 08:58:12:644: AA 55 05 80 34 20 FA 4A 73 CD CC 33 C3 3C AA 55 05 50 9A 99 DC 42 0A E6 CC 33 C3 3C AA 55 05 58 67 66 BA 41 F6 6D CC 33 C3 3C AA 55 05 5A 00 00 00 00 0D 58 CC 33 C3 3C AA 55 05

2021-03-17 08:58:12:696: 

2021-03-17 08:58:12:737: 

2021-03-17 08:58:12:778: 

2021-03-17 08:58:12:823: 52 33 33 CF 41 47 D3 CC 33 C3 3C AA 55 05 51 67 66 D2 41 37 9E CC 33 C3 3C AA 55 05 53 00 00 00 40 FC 85 CC 33 C3 3C AA 55 05 59 00 00 00 00 0D 1C CC 33 C3 3C AA 55 05 6D 67 66 E6 BF 72 59 CC 33 C3 3C AA 55 05 6F 00 00 00 00 09 D4 CC 33 C3 3C AA 55 05 67 00 00 D0 41 38 A8 CC 33 C3 3C AA 55 05 72 67 66 D2 41 F0 5B CC 33 C3 3C AA 55 05 68 00 F0 7F 45 39 80 CC 33 C3 3C AA 55 05 6E 00 00 00 00 C9 E9 CC 33 C3 3C AA 55 05 5C 00 00 80 40 3D B0 CC 33 C3 3C AA 55 05 71 00 00 80 40 3B 1C CC 33 C3 3C AA 55 05 98 00 00 00 00 DC 21 CC 33 C3 3C AA 55 05 99 00 00 00 00 1C 1C CC 33 C3 3C AA 55 05 5B 00 C0 78 45 02 86 CC 33 C3 3C AA 55 05 70 00 F0 7F 45 3B A0 CC 33 C3 3C

2021-03-17 08:58:12:901: 

2021-03-17 08:58:12:943: 

2021-03-17 08:58:12:985: 

2021-03-17 08:58:13:030: AA 55 05 80 78 20 FA 4A E3 DB CC 33 C3 3C AA 55 05 50 9A 99 DC 42 0A E6 CC 33 C3 3C AA 55 05 58 9A 99 B9 41

2021-03-17 08:58:13:078: 

2021-03-17 08:58:13:120: 

2021-03-17 08:58:13:161: 

2021-03-17 08:58:13:206: 9A 6C CC 33 C3 3C AA 55 05 5A 00 00 00 00 0D 58 CC 33 C3 3C AA 55 05 52 33 33 CF 41 47 D3 CC 33 C3 3C AA 55 05 51 67 66 D2 41 37 9E CC 33 C3 3C AA 55 05 53 00 00 00 40 FC 85 CC 33 C3 3C AA 55 05 59 00 00 00 00 0D 1C CC 33 C3 3C AA 55 05 6D 67 66 E6 BF 72 59 CC 33 C3 3C AA 55 05 6F 00 00 00 00 09 D4 CC 33 C3 3C AA 55 05 67 00 00 D0 41 38 A8 CC 33 C3 3C AA 55 05 72 67 66 D2 41 F0 5B CC 33 C3 3C AA 55 05 68 00 F0 7F 45 39 80 CC 33 C3 3C AA 55 05 6E 00 00 00 00 C9 E9 CC 33 C3 3C AA 55 05 5C 00 00 80 40 3D B0 CC 33 C3 3C AA 55 05 71 00 00 80 40 3B 1C CC 33 C3 3C AA 55 05 98 00 00 00 00 DC 21 CC 33 C3 3C AA 55 05 99 00 00 00 00 1C 1C CC 33 C3 3C AA 55 05 5B 00 C0 78 45 02 86 CC 33 C3 3C AA 55 05 70 00 F0 7F 45 3B A0 CC 33 C3 3C

2021-03-17 08:58:13:287: 

2021-03-17 08:58:13:329: 

2021-03-17 08:58:13:373: 

2021-03-17 08:58:13:420: AA 55 05 80 BC 20 FA 4A D3 E6 CC 33 C3

2021-03-17 08:58:13:466: 

2021-03-17 08:58:13:506: 

2021-03-17 08:58:13:549: 

2021-03-17 08:58:13:592: 3C AA 55 05 50 9A 99 DC 42 0A E6 CC 33 C3 3C AA 55 05 58 67 66 BA 41 F6 6D CC 33 C3 3C AA 55 05 5A 00 00 00 00 0D 58 CC 33 C3 3C AA 55 05 52 33 33 CF 41 47 D3 CC 33 C3 3C AA 55 05 51 67 66 D2 41 37 9E CC 33 C3 3C AA 55 05 53 00 00 00 40 FC 85 CC 33 C3 3C AA 55 05 59 00 00 00 00 0D 1C CC 33 C3 3C AA 55 05 6D 67 66 E6 BF 72 59 CC 33 C3 3C AA 55 05 6F 00 00 00 00 09 D4 CC 33 C3 3C AA 55 05 67 00 00 D0 41 38 A8 CC 33 C3 3C AA 55 05 72 67 66 D2 41 F0 5B CC 33 C3 3C AA 55 05 68 00 F0 7F 45 39 80 CC 33 C3 3C AA 55 05 6E 00 00 00 00 C9 E9 CC 33 C3 3C AA 55 05 5C 00 00 80 40 3D B0 CC 33 C3 3C AA 55 05 71 00 00 80 40 3B 1C CC 33 C3 3C AA 55 05 98 00 00 00 00 DC 21 CC 33 C3 3C AA 55 05 99 00 00 00 00 1C 1C CC 33 C3 3C AA 55 05 5B 00 C0 78 45 02 86 CC 33 C3 3C AA 55 05 70 00 F0 7F 45 3B A0 CC 33 C3 3C

2021-03-17 08:58:13:681: 

2021-03-17 08:58:13:725: 

2021-03-17 08:58:13:767: 

2021-03-17 08:58:13:811: AA 55 05 80 00 21 FA 4A 83 92 CC 33 C3 3C AA 55 05 50 9A 99 DC 42 0A E6 CC 33 C3 3C AA 55 05 58 67 66 BA 41 F6 6D CC 33 C3 3C AA 55 05 5A 00 00 00 00 0D 58 CC

2021-03-17 08:58:13:863: 

2021-03-17 08:58:13:907: 

2021-03-17 08:58:13:951: 

2021-03-17 08:58:13:992: 33 C3 3C AA 55 05 52 33 33 CF 41 47 D3 CC 33 C3 3C AA 55 05 51 67 66 D2 41 37 9E CC 33 C3 3C AA 55 05 53 00 00 00 40 FC 85 CC 33 C3 3C AA 55 05 59 00 00 00 00 0D 1C CC 33 C3 3C AA 55 05 6D 67 66 E6 BF 72 59 CC 33 C3 3C AA 55 05 6F 00 00 00 00 09 D4 CC 33 C3 3C AA 55 05 67 00 00 D0 41 38 A8 CC 33 C3 3C AA 55 05 72 67 66 D2 41 F0 5B CC 33 C3 3C AA 55 05 68 00 F0 7F 45 39 80 CC 33 C3 3C AA 55 05 6E 00 00 00 00 C9 E9 CC 33 C3 3C AA 55 05 5C 00 00 80 40 3D B0 CC 33 C3 3C AA 55 05 71 00 00 80 40 3B 1C CC 33 C3 3C AA 55 05 98 00 00 00 00 DC 21 CC 33 C3 3C AA 55 05 99 00 00 00 00 1C 1C CC 33 C3 3C AA 55 05 5B 00 D0 78 45 C7 87 CC 33 C3 3C AA 55 05 70 00 F0 7F 45 3B A0 CC 33 C3 3C

2021-03-17 08:58:14:074: 

2021-03-17 08:58:14:117: 

2021-03-17 08:58:14:161: 

2021-03-17 08:58:14:206: AA 55 05 80 44 21 FA 4A 73 86 CC 33 C3 3C AA 55 05 50 9A 99 DC 42 0A E6 CC 33 C3 3C AA 55

2021-03-17 08:58:14:255: 

2021-03-17 08:58:14:297: 

2021-03-17 08:58:14:340: 

2021-03-17 08:58:14:382: 05 58 67 66 BA 41 F6 6D CC 33 C3 3C AA 55 05 5A 00 00 00 00 0D 58 CC 33 C3 3C AA 55 05 52 33 33 CF 41 47 D3 CC 33 C3 3C AA 55 05 51 67 66 D2 41 37 9E CC 33 C3 3C AA 55 05 53 00 00 00 40 FC 85 CC 33 C3 3C AA 55 05 59 00 00 00 00 0D 1C CC 33 C3 3C AA 55 05 6D 67 66 E6 BF 72 59 CC 33 C3 3C AA 55 05 6F 00 00 00 00 09 D4 CC 33 C3 3C AA 55 05 67 00 00 D0 41 38 A8 CC 33 C3 3C AA 55 05 72 67 66 D2 41 F0 5B CC 33 C3 3C AA 55 05 68 00 F0 7F 45 39 80 CC 33 C3 3C AA 55 05 6E 00 00 00 00 C9 E9 CC 33 C3 3C AA 55 05 5C 00 00 80 40 3D B0 CC 33 C3 3C AA 55 05 71 00 00 80 40 3B 1C CC 33 C3 3C AA 55 05 98 00 00 00 00 DC 21 CC 33 C3 3C AA 55 05 99 00 00 00 00 1C 1C CC 33 C3 3C AA 55 05 5B 00 C0 78 45 02 86 CC 33 C3 3C AA 55 05 70 00 F0 7F 45 3B A0 CC 33 C3 3C

2021-03-17 08:58:14:470: 

2021-03-17 08:58:14:514: 

2021-03-17 08:58:14:558: 

2021-03-17 08:58:14:600: AA 55 05 80 88 21 FA 4A 23 B9 CC 33 C3 3C AA 55 05 50 9A 99 DC 42 0A E6 CC 33 C3 3C AA 55 05 58 67 66 BA 41 F6 6D CC 33 C3 3C AA 55 05 5A 00 00 00 00 0D 58 CC 33 C3 3C AA 55 05 52 33 33 CF 41 47 D3 CC 33 C3 3C AA 55 05 51 67 66 D2 41 37 9E CC 33 C3 3C AA 55 05 53 00 00 00 40 FC 85 CC 33 C3 3C AA 55 05 59 00 00 00 00 0D 1C CC 33 C3 3C AA 55 05 6D 67 66 E6 BF 72 59 CC 33 C3 3C AA 55 05 6F 00 00 00 00 09 D4 CC 33 C3 3C AA 55 05 67 00 00 D0 41 38 A8 CC 33 C3 3C AA 55 05 72 67 66 D2 41 F0 5B CC 33 C3 3C AA 55 05 68 00 F0 7F 45 39 80 CC 33 C3 3C AA 55 05 6E 00 00 00 00 C9 E9 CC 33 C3 3C AA 55 05 5C 00 00 80 40 3D B0 CC 33 C3 3C AA 55 05 71 00 00 80 40 3B 1C CC 33 C3 3C AA 55 05 98 00 00 00 00 DC 21 CC 33 C3 3C AA 55 05 99 00 00 00 00 1C 1C CC 33 C3 3C AA 55 05 5B 00 C0 78 45 02 86 CC 33 C3 3C AA 55 05 70 00 F0 7F 45 3B A0 CC 33 C3 3C

2021-03-17 08:58:14:691: 

2021-03-17 08:58:14:735: 

2021-03-17 08:58:14:778: 

2021-03-17 08:58:14:822: AA 55 05 80 CC 21 FA 4A D3 AD CC 33 C3 3C AA 55 05 50 9A 99 DC 42 0A E6 CC 33 C3 3C AA 55 05 58 67 66 BA 41 F6 6D CC 33 C3 3C

2021-03-17 08:58:14:876: 

2021-03-17 08:58:14:922: 

2021-03-17 08:58:14:964: 

2021-03-17 08:58:15:010: AA 55 05 5A 00 00 00 00 0D 58 CC 33 C3 3C AA 55 05 52 33 33 CF 41 47 D3 CC 33 C3 3C AA 55 05 51 67 66 D2 41 37 9E CC 33 C3 3C AA 55 05 53 00 00 00 40 FC 85 CC 33 C3 3C AA 55 05 59 00 00 00 00 0D 1C CC 33 C3 3C AA 55 05 6D 67 66 E6 BF 72 59 CC 33 C3 3C AA 55 05 6F 00 00 00 00 09 D4 CC 33 C3 3C AA 55 05 67 00 00 D0 41 38 A8 CC 33 C3 3C AA 55 05 72 67 66 D2 41 F0 5B CC 33 C3 3C AA 55 05 68 00 F0 7F 45 39 80 CC 33 C3 3C AA 55 05 6E 00 00 00 00 C9 E9 CC 33 C3 3C AA 55 05 5C 00 00 80 40 3D B0 CC 33 C3 3C AA 55 05 71 00 00 80 40 3B 1C CC 33 C3 3C AA 55 05 98 00 00 00 00 DC 21 CC 33 C3 3C AA 55 05 99 00 00 00 00 1C 1C CC 33 C3 3C AA 55 05 5B 00 C0 78 45 02 86 CC 33 C3 3C AA 55 05 70 00 F0 7F 45 3B A0 CC 33 C3 3C

2021-03-17 08:58:15:099: 

2021-03-17 08:58:15:144: 

2021-03-17 08:58:15:189: 

2021-03-17 08:58:15:235: AA 55 05 80 10 22 FA 4A 43 66 CC 33 C3 3C AA 55 05 50 9A

2021-03-17 08:58:15:282: 

2021-03-17 08:58:15:327: 

2021-03-17 08:58:15:371: 

2021-03-17 08:58:15:416: 99 DC 42 0A E6 CC 33 C3 3C AA 55 05 58 67 66 BA 41 F6 6D CC 33 C3 3C AA 55 05 5A 00 00 00 00 0D 58 CC 33 C3 3C AA 55 05 52 33 33 CF 41 47 D3 CC 33 C3 3C AA 55 05 51 67 66 D2 41 37 9E CC 33 C3 3C AA 55 05 53 00 00 00 40 FC 85 CC 33 C3 3C AA 55 05 59 00 00 00 00 0D 1C CC 33 C3 3C AA 55 05 6D 67 66 E6 BF 72 59 CC 33 C3 3C AA 55 05 6F 00 00 00 00 09 D4 CC 33 C3 3C AA 55 05 67 00 00 D0 41 38 A8 CC 33 C3 3C AA 55 05 72 67 66 D2 41 F0 5B CC 33 C3 3C AA 55 05 68 00 F0 7F 45 39 80 CC 33 C3 3C AA 55 05 6E 00 00 00 00 C9 E9 CC 33 C3 3C AA 55 05 5C 00 00 80 40 3D B0 CC 33 C3 3C AA 55 05 71 00 00 80 40 3B 1C CC 33 C3 3C AA 55 05 98 00 00 00 00 DC 21 CC 33 C3 3C AA 55 05 99 00 00 00 00 1C 1C CC 33 C3 3C AA 55 05 5B 00 C0 78 45 02 86 CC 33 C3 3C AA 55 05 70 00 F0 7F 45 3B A0 CC 33 C3 3C

2021-03-17 08:58:15:504: 

2021-03-17 08:58:15:551: 

2021-03-17 08:58:15:595: 

2021-03-17 08:58:15:643: AA 55 05 80 54 22 FA 4A B3 72 CC 33 C3 3C AA 55 05 50 9A 99 DC 42 0A E6 CC 33 C3 3C AA 55 05 58 67 66 BA 41 F6 6D CC 33 C3 3C AA 55 05 5A 00 00 00 00 0D 58 CC 33 C3 3C AA 55 05

2021-03-17 08:58:15:698: 

2021-03-17 08:58:15:746: 

2021-03-17 08:58:15:791: 

2021-03-17 08:58:15:836: 52 33 33 CF 41 47 D3 CC 33 C3 3C AA 55 05 51 67 66 D2 41 37 9E CC 33 C3 3C AA 55 05 53 00 00 00 40 FC 85 CC 33 C3 3C AA 55 05 59 00 00 00 00 0D 1C CC 33 C3 3C AA 55 05 6D 67 66 E6 BF 72 59 CC 33 C3 3C AA 55 05 6F 00 00 00 00 09 D4 CC 33 C3 3C AA 55 05 67 00 00 D0 41 38 A8 CC 33 C3 3C AA 55 05 72 67 66 D2 41 F0 5B CC 33 C3 3C AA 55 05 68 00 F0 7F 45 39 80 CC 33 C3 3C AA 55 05 6E 00 00 00 00 C9 E9 CC 33 C3 3C AA 55 05 5C 00 00 80 40 3D B0 CC 33 C3 3C AA 55 05 71 00 00 80 40 3B 1C CC 33 C3 3C AA 55 05 98 00 00 00 00 DC 21 CC 33 C3 3C AA 55 05 99 00 00 00 00 1C 1C CC 33 C3 3C AA 55 05 5B 00 C0 78 45 02 86 CC 33 C3 3C AA 55 05 70 00 F0 7F 45 3B A0 CC 33 C3 3C

2021-03-17 08:58:15:920: 

2021-03-17 08:58:15:968: 

2021-03-17 08:58:16:018: 

2021-03-17 08:58:16:064: AA 55 05 80 98 22 FA 4A E3 4D CC 33 C3 3C AA 55 05 50 9A 99 DC 42 0A E6 CC 33 C3 3C AA 55 05 58 67 66 BA 41

2021-03-17 08:58:16:114: 

2021-03-17 08:58:16:160: 

2021-03-17 08:58:16:205: 

2021-03-17 08:58:16:251: F6 6D CC 33 C3 3C AA 55 05 5A 00 00 00 00 0D 58 CC 33 C3 3C AA 55 05 52 33 33 CF 41 47 D3 CC 33 C3 3C AA 55 05 51 67 66 D2 41 37 9E CC 33 C3 3C AA 55 05 53 00 00 00 40 FC 85 CC 33 C3 3C AA 55 05 59 00 00 00 00 0D 1C CC 33 C3 3C AA 55 05 6D 67 66 E6 BF 72 59 CC 33 C3 3C AA 55 05 6F 00 00 00 00 09 D4 CC 33 C3 3C AA 55 05 67 00 00 D0 41 38 A8 CC 33 C3 3C AA 55 05 72 67 66 D2 41 F0 5B CC 33 C3 3C AA 55 05 68 00 F0 7F 45 39 80 CC 33 C3 3C AA 55 05 6E 00 00 00 00 C9 E9 CC 33 C3 3C AA 55 05 5C 00 00 80 40 3D B0 CC 33 C3 3C AA 55 05 71 00 00 80 40 3B 1C CC 33 C3 3C AA 55 05 98 00 00 00 00 DC 21 CC 33 C3 3C AA 55 05 99 00 00 00 00 1C 1C CC 33 C3 3C AA 55 05 5B 00 C0 78 45 02 86 CC 33 C3 3C AA 55 05 70 00 F0 7F 45 3B A0 CC 33 C3 3C

2021-03-17 08:58:16:342: 

2021-03-17 08:58:16:388: 

2021-03-17 08:58:16:433: 

2021-03-17 08:58:16:479: AA 55 05 80 DC 22 FA 4A 13 59 CC 33 C3

2021-03-17 08:58:16:526: 

2021-03-17 08:58:16:572: 

2021-03-17 08:58:16:615: 

2021-03-17 08:58:16:660: 3C AA 55 05 50 9A 99 DC 42 0A E6 CC 33 C3 3C AA 55 05 58 67 66 BA 41 F6 6D CC 33 C3 3C AA 55 05 5A 00 00 00 00 0D 58 CC 33 C3 3C AA 55 05 52 33 33 CF 41 47 D3 CC 33 C3 3C AA 55 05 51 67 66 D2 41 37 9E CC 33 C3 3C AA 55 05 53 00 00 00 40 FC 85 CC 33 C3 3C AA 55 05 59 00 00 00 00 0D 1C CC 33 C3 3C AA 55 05 6D 67 66 E6 BF 72 59 CC 33 C3 3C AA 55 05 6F 00 00 00 00 09 D4 CC 33 C3 3C AA 55 05 67 00 00 D0 41 38 A8 CC 33 C3 3C AA 55 05 72 67 66 D2 41 F0 5B CC 33 C3 3C AA 55 05 68 00 F0 7F 45 39 80 CC 33 C3 3C AA 55 05 6E 00 00 00 00 C9 E9 CC 33 C3 3C AA 55 05 5C 00 00 80 40 3D B0 CC 33 C3 3C AA 55 05 71 00 00 80 40 3B 1C CC 33 C3 3C AA 55 05 98 00 00 00 00 DC 21 CC 33 C3 3C AA 55 05 99 00 00 00 00 1C 1C CC 33 C3 3C AA 55 05 5B 00 D0 78 45 C7 87 CC 33 C3 3C AA 55 05 70 00 F0 7F 45 3B A0 CC 33 C3 3C

2021-03-17 08:58:16:753: 

2021-03-17 08:58:16:797: 

2021-03-17 08:58:16:840: 

2021-03-17 08:58:16:886: AA 55 05 80 20 23 FA 4A 83 38 CC 33 C3 3C AA 55 05 50 9A 99 DC 42 0A E6 CC 33 C3 3C AA 55 05 58 67 66 BA 41 F6 6D CC 33 C3 3C AA 55 05 5A 00 00 00 00 0D 58 CC

2021-03-17 08:58:16:941: 

2021-03-17 08:58:16:985: 

2021-03-17 08:58:17:030: 

2021-03-17 08:58:17:079: 33 C3 3C AA 55 05 52 33 33 CF 41 47 D3 CC 33 C3 3C AA 55 05 51 67 66 D2 41 37 9E CC 33 C3 3C AA 55 05 53 00 00 00 40 FC 85 CC 33 C3 3C AA 55 05 59 00 00 00 00 0D 1C CC 33 C3 3C AA 55 05 6D 67 66 E6 BF 72 59 CC 33 C3 3C AA 55 05 6F 00 00 00 00 09 D4 CC 33 C3 3C AA 55 05 67 00 00 D0 41 38 A8 CC 33 C3 3C AA 55 05 72 67 66 D2 41 F0 5B CC 33 C3 3C AA 55 05 68 00 F0 7F 45 39 80 CC 33 C3 3C AA 55 05 6E 00 00 00 00 C9 E9 CC 33 C3 3C AA 55 05 5C 00 00 80 40 3D B0 CC 33 C3 3C AA 55 05 71 00 00 80 40 3B 1C CC 33 C3 3C AA 55 05 98 00 00 00 00 DC 21 CC 33 C3 3C AA 55 05 99 00 00 00 00 1C 1C CC 33 C3 3C AA 55 05 5B 00 D0 78 45 C7 87 CC 33 C3 3C AA 55 05 70 00 F0 7F 45 3B A0 CC 33 C3 3C

2021-03-17 08:58:17:167: 

2021-03-17 08:58:17:213: 

2021-03-17 08:58:17:257: 

2021-03-17 08:58:17:303: AA 55 05 80 64 23 FA 4A 73 2C CC 33 C3 3C AA 55 05 50 9A 99 DC 42 0A E6 CC 33 C3 3C AA 55

2021-03-17 08:58:17:360: 

2021-03-17 08:58:17:417: 

2021-03-17 08:58:17:473: 

2021-03-17 08:58:17:519: 05 58 67 66 BA 41 F6 6D CC 33 C3 3C AA 55 05 5A 00 00 00 00 0D 58 CC 33 C3 3C AA 55 05 52 33 33 CF 41 47 D3 CC 33 C3 3C AA 55 05 51 67 66 D2 41 37 9E CC 33 C3 3C AA 55 05 53 00 00 00 40 FC 85 CC 33 C3 3C AA 55 05 59 00 00 00 00 0D 1C CC 33 C3 3C AA 55 05 6D 67 66 E6 BF 72 59 CC 33 C3 3C AA 55 05 6F 00 00 00 00 09 D4 CC 33 C3 3C AA 55 05 67 00 00 D0 41 38 A8 CC 33 C3 3C AA 55 05 72 67 66 D2 41 F0 5B CC 33 C3 3C AA 55 05 68 00 F0 7F 45 39 80 CC 33 C3 3C AA 55 05 6E 00 00 00 00 C9 E9 CC 33 C3 3C AA 55 05 5C 00 00 80 40 3D B0 CC 33 C3 3C AA 55 05 71 00 00 80 40 3B 1C CC 33 C3 3C AA 55 05 98 00 00 00 00 DC 21 CC 33 C3 3C AA 55 05 99 00 00 00 00 1C 1C CC 33 C3 3C AA 55 05 5B 00 C0 78 45 02 86 CC 33 C3 3C AA 55 05 70 00 F0 7F 45 3B A0 CC 33 C3 3C

2021-03-17 08:58:17:610: 

2021-03-17 08:58:17:660: 

2021-03-17 08:58:17:709: 

2021-03-17 08:58:17:752: AA 55 05 80 A8 23 FA 4A 23 13 CC 33 C3 3C AA 55 05 50 9A 99 DC 42 0A E6 CC 33 C3 3C AA 55 05 58 67 66 BA 41 F6 6D CC 33 C3 3C AA 55 05 5A 00 00 00 00 0D 58 CC 33 C3 3C AA 55 05 52 33 33 CF 41 47 D3 CC 33 C3 3C AA 55 05 51 67 66 D2 41 37 9E CC 33 C3 3C AA 55 05 53 00 00 00 40 FC 85 CC 33 C3 3C AA 55 05 59 00 00 00 00 0D 1C CC 33 C3 3C AA 55 05 6D 67 66 E6 BF 72 59 CC 33 C3 3C AA 55 05 6F 00 00 00 00 09 D4 CC 33 C3 3C AA 55 05 67 00 00 D0 41 38 A8 CC 33 C3 3C AA 55 05 72 67 66 D2 41 F0 5B CC 33 C3 3C AA 55 05 68 00 F0 7F 45 39 80 CC 33 C3 3C AA 55 05 6E 00 00 00 00 C9 E9 CC 33 C3 3C AA 55 05 5C 00 00 80 40 3D B0 CC 33 C3 3C AA 55 05 71 00 00 80 40 3B 1C CC 33 C3 3C AA 55 05 98 00 00 00 00 DC 21 CC 33 C3 3C AA 55 05 99 00 00 00 00 1C 1C CC 33 C3 3C AA 55 05 5B 00 C0 78 45 02 86 CC 33 C3 3C AA 55 05 70 00 F0 7F 45 3B A0 CC 33 C3 3C

2021-03-17 08:58:17:846: 

2021-03-17 08:58:17:893: 

2021-03-17 08:58:17:938: 

2021-03-17 08:58:17:982: AA 55 05 80 EC 23 FA 4A D3 07 CC 33 C3 3C AA 55 05 50 9A 99 DC 42 0A E6 CC 33 C3 3C AA 55 05 58 67 66 BA 41 F6 6D CC 33 C3 3C

2021-03-17 08:58:18:034: 

2021-03-17 08:58:18:079: 

2021-03-17 08:58:18:123: 

2021-03-17 08:58:18:167: AA 55 05 5A 00 00 00 00 0D 58 CC 33 C3 3C AA 55 05 52 33 33 CF 41 47 D3 CC 33 C3 3C AA 55 05 51 67 66 D2 41 37 9E CC 33 C3 3C AA 55 05 53 00 00 00 40 FC 85 CC 33 C3 3C AA 55 05 59 00 00 00 00 0D 1C CC 33 C3 3C AA 55 05 6D 67 66 E6 BF 72 59 CC 33 C3 3C AA 55 05 6F 00 00 00 00 09 D4 CC 33 C3 3C AA 55 05 67 00 00 D0 41 38 A8 CC 33 C3 3C AA 55 05 72 67 66 D2 41 F0 5B CC 33 C3 3C AA 55 05 68 00 F0 7F 45 39 80 CC 33 C3 3C AA 55 05 6E 00 00 00 00 C9 E9 CC 33 C3 3C AA 55 05 5C 00 00 80 40 3D B0 CC 33 C3 3C AA 55 05 71 00 00 80 40 3B 1C CC 33 C3 3C AA 55 05 98 00 00 00 00 DC 21 CC 33 C3 3C AA 55 05 99 00 00 00 00 1C 1C CC 33 C3 3C AA 55 05 5B 00 C0 78 45 02 86 CC 33 C3 3C AA 55 05 70 00 F0 7F 45 3B A0 CC 33 C3 3C

2021-03-17 08:58:18:254: 

2021-03-17 08:58:18:301: 

2021-03-17 08:58:18:346: 

2021-03-17 08:58:18:392: AA 55 05 80 30 24 FA 4A 82 8D CC 33 C3 3C AA 55 05 50 9A

2021-03-17 08:58:18:442: 

2021-03-17 08:58:18:489: 

2021-03-17 08:58:18:535: 

2021-03-17 08:58:18:581: 99 DC 42 0A E6 CC 33 C3 3C AA 55 05 58 67 66 BA 41 F6 6D CC 33 C3 3C AA 55 05 5A 00 00 00 00 0D 58 CC 33 C3 3C AA 55 05 52 33 33 CF 41 47 D3 CC 33 C3 3C AA 55 05 51 67 66 D2 41 37 9E CC 33 C3 3C AA 55 05 53 00 00 00 40 FC 85 CC 33 C3 3C AA 55 05 59 00 00 00 00 0D 1C CC 33 C3 3C AA 55 05 6D 67 66 E6 BF 72 59 CC 33 C3 3C AA 55 05 6F 00 00 00 00 09 D4 CC 33 C3 3C AA 55 05 67 00 00 D0 41 38 A8 CC 33 C3 3C AA 55 05 72 67 66 D2 41 F0 5B CC 33 C3 3C AA 55 05 68 00 F0 7F 45 39 80 CC 33 C3 3C AA 55 05 6E 00 00 00 00 C9 E9 CC 33 C3 3C AA 55 05 5C 00 00 80 40 3D B0 CC 33 C3 3C AA 55 05 71 00 00 80 40 3B 1C CC 33 C3 3C AA 55 05 98 00 00 00 00 DC 21 CC 33 C3 3C AA 55 05 99 00 00 00 00 1C 1C CC 33 C3 3C AA 55 05 5B 00 C0 78 45 02 86 CC 33 C3 3C AA 55 05 70 00 F0 7F 45 3B A0 CC 33 C3 3C

2021-03-17 08:58:18:678: 

2021-03-17 08:58:18:727: 

2021-03-17 08:58:18:774: 

2021-03-17 08:58:18:819: AA 55 05 80 74 24 FA 4A 72 99 CC 33 C3 3C AA 55 05 50 9A 99 DC 42 0A E6 CC 33 C3 3C AA 55 05 58 67 66 BA 41 F6 6D CC 33 C3 3C AA 55 05 5A 00 00 00 00 0D 58 CC 33 C3 3C AA 55 05

2021-03-17 08:58:18:878: 

2021-03-17 08:58:18:924: 

2021-03-17 08:58:18:971: 

2021-03-17 08:58:19:015: 52 33 33 CF 41 47 D3 CC 33 C3 3C AA 55 05 51 67 66 D2 41 37 9E CC 33 C3 3C AA 55 05 53 00 00 00 40 FC 85 CC 33 C3 3C AA 55 05 59 00 00 00 00 0D 1C CC 33 C3 3C AA 55 05 6D 67 66 E6 BF 72 59 CC 33 C3 3C AA 55 05 6F 00 00 00 00 09 D4 CC 33 C3 3C AA 55 05 67 00 00 D0 41 38 A8 CC 33 C3 3C AA 55 05 72 67 66 D2 41 F0 5B CC 33 C3 3C AA 55 05 68 00 F0 7F 45 39 80 CC 33 C3 3C AA 55 05 6E 00 00 00 00 C9 E9 CC 33 C3 3C AA 55 05 5C 00 00 80 40 3D B0 CC 33 C3 3C AA 55 05 71 00 00 80 40 3B 1C CC 33 C3 3C AA 55 05 98 00 00 00 00 DC 21 CC 33 C3 3C AA 55 05 99 00 00 00 00 1C 1C CC 33 C3 3C AA 55 05 5B 00 C0 78 45 02 86 CC 33 C3 3C AA 55 05 70 00 F0 7F 45 3B A0 CC 33 C3 3C

2021-03-17 08:58:19:107: 

2021-03-17 08:58:19:154: 

2021-03-17 08:58:19:200: 

2021-03-17 08:58:19:246: AA 55 05 80 B8 24 FA 4A 22 A6 CC 33 C3 3C AA 55 05 50 9A 99 DC 42 0A E6 CC 33 C3 3C AA 55 05 58 67 66 BA 41

2021-03-17 08:58:19:307: 

2021-03-17 08:58:19:355: 

2021-03-17 08:58:19:401: 

2021-03-17 08:58:19:448: F6 6D CC 33 C3 3C AA 55 05 5A 00 00 00 00 0D 58 CC 33 C3 3C AA 55 05 52 33 33 CF 41 47 D3 CC 33 C3 3C AA 55 05 51 67 66 D2 41 37 9E CC 33 C3 3C AA 55 05 53 00 00 00 40 FC 85 CC 33 C3 3C AA 55 05 59 00 00 00 00 0D 1C CC 33 C3 3C AA 55 05 6D 67 66 E6 BF 72 59 CC 33 C3 3C AA 55 05 6F 00 00 00 00 09 D4 CC 33 C3 3C AA 55 05 67 00 00 D0 41 38 A8 CC 33 C3 3C AA 55 05 72 67 66 D2 41 F0 5B CC 33 C3 3C AA 55 05 68 00 F0 7F 45 39 80 CC 33 C3 3C AA 55 05 6E 00 00 00 00 C9 E9 CC 33 C3 3C AA 55 05 5C 00 00 80 40 3D B0 CC 33 C3 3C AA 55 05 71 00 00 80 40 3B 1C CC 33 C3 3C AA 55 05 98 00 00 00 00 DC 21 CC 33 C3 3C AA 55 05 99 00 00 00 00 1C 1C CC 33 C3 3C AA 55 05 5B 00 D0 78 45 C7 87 CC 33 C3 3C AA 55 05 70 00 F0 7F 45 3B A0 CC 33 C3 3C

2021-03-17 08:58:19:543: 

2021-03-17 08:58:19:588: 

2021-03-17 08:58:19:633: 

2021-03-17 08:58:19:680: AA 55 05 80 FC 24 FA 4A D2 B2 CC 33 C3

2021-03-17 08:58:19:732: 

2021-03-17 08:58:19:779: 

2021-03-17 08:58:19:836: 

2021-03-17 08:58:19:893: 3C AA 55 05 50 9A 99 DC 42 0A E6 CC 33 C3 3C AA 55 05 58 67 66 BA 41 F6 6D CC 33 C3 3C AA 55 05 5A 00 00 00 00 0D 58 CC 33 C3 3C AA 55 05 52 33 33 CF 41 47 D3 CC 33 C3 3C AA 55 05 51 67 66 D2 41 37 9E CC 33 C3 3C AA 55 05 53 00 00 00 40 FC 85 CC 33 C3 3C AA 55 05 59 00 00 00 00 0D 1C CC 33 C3 3C AA 55 05 6D 67 66 E6 BF 72 59 CC 33 C3 3C AA 55 05 6F 00 00 00 00 09 D4 CC 33 C3 3C AA 55 05 67 00 00 D0 41 38 A8 CC 33 C3 3C AA 55 05 72 67 66 D2 41 F0 5B CC 33 C3 3C AA 55 05 68 00 F0 7F 45 39 80 CC 33 C3 3C AA 55 05 6E 00 00 00 00 C9 E9 CC 33 C3 3C AA 55 05 5C 00 00 80 40 3D B0 CC 33 C3 3C AA 55 05 71 00 00 80 40 3B 1C CC 33 C3 3C AA 55 05 98 00 00 00 00 DC 21 CC 33 C3 3C AA 55 05 99 00 00 00 00 1C 1C CC 33 C3 3C AA 55 05 5B 00 C0 78 45 02 86 CC 33 C3 3C AA 55 05 70 00 F0 7F 45 3B A0 CC 33 C3 3C

2021-03-17 08:58:19:991: 

2021-03-17 08:58:20:038: 

2021-03-17 08:58:20:084: 

2021-03-17 08:58:20:131: AA 55 05 80 40 25 FA 4A 82 C6 CC 33 C3 3C AA 55 05 50 9A 99 DC 42 0A E6 CC 33 C3 3C AA 55 05 58 67 66 BA 41 F6 6D CC 33 C3 3C AA 55 05 5A 00 00 00 00 0D 58 CC 33

2021-03-17 08:58:20:189: 

2021-03-17 08:58:20:234: 

2021-03-17 08:58:20:280: 

2021-03-17 08:58:20:329: C3 3C AA 55 05 52 33 33 CF 41 47 D3 CC 33 C3 3C AA 55 05 51 67 66 D2 41 37 9E CC 33 C3 3C AA 55 05 53 00 00 00 40 FC 85 CC 33 C3 3C AA 55 05 59 00 00 00 00 0D 1C CC 33 C3 3C AA 55 05 6D 67 66 E6 BF 72 59 CC 33 C3 3C AA 55 05 6F 00 00 00 00 09 D4 CC 33 C3 3C AA 55 05 67 00 00 D0 41 38 A8 CC 33 C3 3C AA 55 05 72 67 66 D2 41 F0 5B CC 33 C3 3C AA 55 05 68 00 F0 7F 45 39 80 CC 33 C3 3C AA 55 05 6E 00 00 00 00 C9 E9 CC 33 C3 3C AA 55 05 5C 00 00 80 40 3D B0 CC 33 C3 3C AA 55 05 71 00 00 80 40 3B 1C CC 33 C3 3C AA 55 05 98 00 00 00 00 DC 21 CC 33 C3 3C AA 55 05 99 00 00 00 00 1C 1C CC 33 C3 3C AA 55 05 5B 00 C0 78 45 02 86 CC 33 C3 3C AA 55 05 70 00 F0 7F 45 3B A0 CC 33 C3 3C

2021-03-17 08:58:20:418: 

2021-03-17 08:58:20:467: 

2021-03-17 08:58:20:519: 

2021-03-17 08:58:20:572: AA 55 05 80 84 25 FA 4A B2 FB CC 33 C3 3C AA 55 05 50 9A 99 DC 42 0A E6 CC 33 C3 3C AA 55 05

2021-03-17 08:58:20:625: 

2021-03-17 08:58:20:675: 

2021-03-17 08:58:20:727: 

2021-03-17 08:58:20:774: 58 67 66 BA 41 F6 6D CC 33 C3 3C AA 55 05 5A 00 00 00 00 0D 58 CC 33 C3 3C AA 55 05 52 33 33 CF 41 47 D3 CC 33 C3 3C AA 55 05 51 67 66 D2 41 37 9E CC 33 C3 3C AA 55 05 53 00 00 00 40 FC 85 CC 33 C3 3C AA 55 05 59 00 00 00 00 0D 1C CC 33 C3 3C AA 55 05 6D 67 66 E6 BF 72 59 CC 33 C3 3C AA 55 05 6F 00 00 00 00 09 D4 CC 33 C3 3C AA 55 05 67 00 00 D0 41 38 A8 CC 33 C3 3C AA 55 05 72 67 66 D2 41 F0 5B CC 33 C3 3C AA 55 05 68 00 F0 7F 45 39 80 CC 33 C3 3C AA 55 05 6E 00 00 00 00 C9 E9 CC 33 C3 3C AA 55 05 5C 00 00 80 40 3D B0 CC 33 C3 3C AA 55 05 71 00 00 80 40 3B 1C CC 33 C3 3C AA 55 05 98 00 00 00 00 DC 21 CC 33 C3 3C AA 55 05 99 00 00 00 00 1C 1C CC 33 C3 3C AA 55 05 5B 00 C0 78 45 02 86 CC 33 C3 3C AA 55 05 70 00 F0 7F 45 3B A0 CC 33 C3 3C

2021-03-17 08:58:20:867: 

2021-03-17 08:58:20:919: 

2021-03-17 08:58:20:966: 

2021-03-17 08:58:21:013: AA 55 05 80 C8 25 FA 4A 22 ED CC 33 C3 3C AA 55 05 50 9A 99 DC 42 0A E6 CC 33 C3 3C AA 55 05 58 67 66 BA 41 F6 6D CC 33 C3 3C AA 55 05 5A 00 00 00 00 0D 58 CC 33 C3 3C AA 55 05 52 33 33 CF 41 47 D3 CC 33 C3 3C AA 55 05 51 67 66 D2 41 37 9E CC 33 C3 3C AA 55 05 53 00 00 00 40 FC 85 CC 33 C3 3C AA 55 05 59 00 00 00 00 0D 1C CC 33 C3 3C AA 55 05 6D 67 66 E6 BF 72 59 CC 33 C3 3C AA 55 05 6F 00 00 00 00 09 D4 CC 33 C3 3C AA 55 05 67 00 00 D0 41 38 A8 CC 33 C3 3C AA 55 05 72 67 66 D2 41 F0 5B CC 33 C3 3C AA 55 05 68 00 F0 7F 45 39 80 CC 33 C3 3C AA 55 05 6E 00 00 00 00 C9 E9 CC 33 C3 3C AA 55 05 5C 00 00 80 40 3D B0 CC 33 C3 3C AA 55 05 71 00 00 80 40 3B 1C CC 33 C3 3C AA 55 05 98 00 00 00 00 DC 21 CC 33 C3 3C AA 55 05 99 00 00 00 00 1C 1C CC 33 C3 3C AA 55 05 5B 00 C0 78 45 02 86 CC 33 C3 3C AA 55 05 70 00 F0 7F 45 3B A0 CC 33 C3 3C

2021-03-17 08:58:21:114: 

2021-03-17 08:58:21:165: 

2021-03-17 08:58:21:212: 

2021-03-17 08:58:21:260: AA 55 05 80 0C 26 FA 4A 12 20 CC 33 C3 3C AA 55 05 50 9A 99 DC 42 0A E6 CC 33 C3 3C AA 55 05 58 67 66 BA 41 F6 6D CC 33 C3 3C AA 55 05 5A 00 00

2021-03-17 08:58:21:318: 

2021-03-17 08:58:21:369: 

2021-03-17 08:58:21:417: 

2021-03-17 08:58:21:466: 00 00 0D 58 CC 33 C3 3C AA 55 05 52 33 33 CF 41 47 D3 CC 33 C3 3C AA 55 05 51 67 66 D2 41 37 9E CC 33 C3 3C AA 55 05 53 00 00 00 40 FC 85 CC 33 C3 3C AA 55 05 59 00 00 00 00 0D 1C CC 33 C3 3C AA 55 05 6D 67 66 E6 BF 72 59 CC 33 C3 3C AA 55 05 6F 00 00 00 00 09 D4 CC 33 C3 3C AA 55 05 67 00 00 D0 41 38 A8 CC 33 C3 3C AA 55 05 72 67 66 D2 41 F0 5B CC 33 C3 3C AA 55 05 68 00 F0 7F 45 39 80 CC 33 C3 3C AA 55 05 6E 00 00 00 00 C9 E9 CC 33 C3 3C AA 55 05 5C 00 00 80 40 3D B0 CC 33 C3 3C AA 55 05 71 00 00 80 40 3B 1C CC 33 C3 3C AA 55 05 98 00 00 00 00 DC 21 CC 33 C3 3C AA 55 05 99 00 00 00 00 1C 1C CC 33 C3 3C AA 55 05 5B 00 C0 78 45 02 86 CC 33 C3 3C AA 55 05 70 00 F0 7F 45 3B A0 CC 33 C3 3C

2021-03-17 08:58:21:559: 

2021-03-17 08:58:21:609: 

2021-03-17 08:58:21:658: 

2021-03-17 08:58:21:711: AA 55 05 80 50 26 FA 4A 42 32 CC 33 C3 3C AA 55 05 50 9A 99 DC 42 0A E6 CC

2021-03-17 08:58:21:770: 

2021-03-17 08:58:21:820: 

2021-03-17 08:58:21:867: 

2021-03-17 08:58:21:916: 33 C3 3C AA 55 05 58 67 66 BA 41 F6 6D CC 33 C3 3C AA 55 05 5A 00 00 00 00 0D 58 CC 33 C3 3C AA 55 05 52 33 33 CF 41 47 D3 CC 33 C3 3C AA 55 05 51 67 66 D2 41 37 9E CC 33 C3 3C AA 55 05 53 00 00 00 40 FC 85 CC 33 C3 3C AA 55 05 59 00 00 00 00 0D 1C CC 33 C3 3C AA 55 05 6D 67 66 E6 BF 72 59 CC 33 C3 3C AA 55 05 6F 00 00 00 00 09 D4 CC 33 C3 3C AA 55 05 67 00 00 D0 41 38 A8 CC 33 C3 3C AA 55 05 72 67 66 D2 41 F0 5B CC 33 C3 3C AA 55 05 68 00 F0 7F 45 39 80 CC 33 C3 3C AA 55 05 6E 00 00 00 00 C9 E9 CC 33 C3 3C AA 55 05 5C 00 00 80 40 3D B0 CC 33 C3 3C AA 55 05 71 00 00 80 40 3B 1C CC 33 C3 3C AA 55 05 98 00 00 00 00 DC 21 CC 33 C3 3C AA 55 05 99 00 00 00 00 1C 1C CC 33 C3 3C AA 55 05 5B 00 C0 78 45 02 86 CC 33 C3 3C AA 55 05 70 00 F0 7F 45 3B A0 CC 33 C3 3C

2021-03-17 08:58:22:017: 

2021-03-17 08:58:22:067: 

2021-03-17 08:58:22:117: 

2021-03-17 08:58:22:168: AA 55 05 80 94 26 FA 4A 72 0F CC 33 C3 3C AA 55 05 50 9A 99 DC 42 0A E6 CC 33 C3 3C AA 55 05 58 67 66 BA 41 F6 6D CC 33 C3 3C AA 55 05 5A 00 00 00 00 0D 58 CC 33 C3 3C AA 55 05 52 33 33 CF 41 47 D3 CC 33 C3 3C AA 55 05 51 67 66 D2 41 37 9E CC 33 C3 3C AA 55 05 53 00 00 00 40 FC 85 CC 33 C3 3C AA 55 05 59 00 00 00 00 0D 1C CC 33 C3 3C AA 55 05 6D 67 66 E6 BF 72 59 CC 33 C3 3C AA 55 05 6F 00 00 00 00 09 D4 CC 33 C3 3C AA 55 05 67 00 00 D0 41 38 A8 CC 33 C3 3C AA 55 05 72 67 66 D2 41 F0 5B CC 33 C3 3C AA 55 05 68 00 F0 7F 45 39 80 CC 33 C3 3C AA 55 05 6E 00 00 00 00 C9 E9 CC 33 C3 3C AA 55 05 5C 00 00 80 40 3D B0 CC 33 C3 3C AA 55 05 71 00 00 80 40 3B 1C CC 33 C3 3C AA 55 05 98 00 00 00 00 DC 21 CC 33 C3 3C AA 55 05 99 00 00 00 00 1C 1C CC 33 C3 3C AA 55 05 5B 00 C0 78 45 02 86 CC 33 C3 3C AA 55 05 70 00 F0 7F 45 3B A0 CC 33 C3 3C

2021-03-17 08:58:22:273: 

2021-03-17 08:58:22:323: 

2021-03-17 08:58:22:375: 

2021-03-17 08:58:22:427: AA 55 05 80 D8 26 FA 4A E2 19 CC 33 C3 3C AA 55 05 50 9A 99 DC 42 0A E6 CC 33 C3 3C AA 55 05 58 67 66 BA 41 F6 6D CC 33 C3 3C

2021-03-17 08:58:22:487: 

2021-03-17 08:58:22:541: 

2021-03-17 08:58:22:593: 

2021-03-17 08:58:22:643: AA 55 05 5A 00 00 00 00 0D 58 CC 33 C3 3C AA 55 05 52 33 33 CF 41 47 D3 CC 33 C3 3C AA 55 05 51 67 66 D2 41 37 9E CC 33 C3 3C AA 55 05 53 00 00 00 40 FC 85 CC 33 C3 3C AA 55 05 59 00 00 00 00 0D 1C CC 33 C3 3C AA 55 05 6D 67 66 E6 BF 72 59 CC 33 C3 3C AA 55 05 6F 00 00 00 00 09 D4 CC 33 C3 3C AA 55 05 67 00 00 D0 41 38 A8 CC 33 C3 3C AA 55 05 72 67 66 D2 41 F0 5B CC 33 C3 3C AA 55 05 68 00 F0 7F 45 39 80 CC 33 C3 3C AA 55 05 6E 00 00 00 00 C9 E9 CC 33 C3 3C AA 55 05 5C 00 00 80 40 3D B0 CC 33 C3 3C AA 55 05 71 00 00 80 40 3B 1C CC 33 C3 3C AA 55 05 98 00 00 00 00 DC 21 CC 33 C3 3C AA 55 05 99 00 00 00 00 1C 1C CC 33 C3 3C AA 55 05 5B 00 D0 78 45 C7 87 CC 33 C3 3C AA 55 05 70 00 F0 7F 45 3B A0 CC 33 C3 3C

2021-03-17 08:58:22:746: 

2021-03-17 08:58:22:798: 

2021-03-17 08:58:22:846: 

2021-03-17 08:58:22:897: AA 55 05 80 1C 27 FA 4A 12 75 CC 33 C3 3C AA 55 05 50 9A

2021-03-17 08:58:22:965: 

2021-03-17 08:58:23:026: 

2021-03-17 08:58:23:076: 

2021-03-17 08:58:23:127: 99 DC 42 0A E6 CC 33 C3 3C AA 55 05 58 67 66 BA 41 F6 6D CC 33 C3 3C AA 55 05 5A 00 00 00 00 0D 58 CC 33 C3 3C AA 55 05 52 33 33 CF 41 47 D3 CC 33 C3 3C AA 55 05 51 67 66 D2 41 37 9E CC 33 C3 3C AA 55 05 53 00 00 00 40 FC 85 CC 33 C3 3C AA 55 05 59 00 00 00 00 0D 1C CC 33 C3 3C AA 55 05 6D 67 66 E6 BF 72 59 CC 33 C3 3C AA 55 05 6F 00 00 00 00 09 D4 CC 33 C3 3C AA 55 05 67 00 00 D0 41 38 A8 CC 33 C3 3C AA 55 05 72 67 66 D2 41 F0 5B CC 33 C3 3C AA 55 05 68 00 F0 7F 45 39 80 CC 33 C3 3C AA 55 05 6E 00 00 00 00 C9 E9 CC 33 C3 3C AA 55 05 5C 00 00 80 40 3D B0 CC 33 C3 3C AA 55 05 71 00 00 80 40 3B 1C CC 33 C3 3C AA 55 05 98 00 00 00 00 DC 21 CC 33 C3 3C AA 55 05 99 00 00 00 00 1C 1C CC 33 C3 3C AA 55 05 5B 00 C0 78 45 02 86 CC 33 C3 3C AA 55 05 70 00 F0 7F 45 3B A0 CC 33 C3 3C

2021-03-17 08:58:23:230: 

2021-03-17 08:58:23:280: 

2021-03-17 08:58:23:329: 

2021-03-17 08:58:23:382: AA 55 05 80 60 27 FA 4A 82 6C CC 33 C3 3C AA 55 05 50 9A 99 DC 42 0A E6 CC 33 C3 3C AA 55 05 58 67 66 BA 41 F6 6D CC 33 C3 3C AA 55 05 5A 00 00 00 00 0D 58 CC 33 C3 3C AA 55 05 52

2021-03-17 08:58:23:442: 

2021-03-17 08:58:23:492: 

2021-03-17 08:58:23:543: 

2021-03-17 08:58:23:595: 33 33 CF 41 47 D3 CC 33 C3 3C AA 55 05 51 67 66 D2 41 37 9E CC 33 C3 3C AA 55 05 53 00 00 00 40 FC 85 CC 33 C3 3C AA 55 05 59 00 00 00 00 0D 1C CC 33 C3 3C AA 55 05 6D 67 66 E6 BF 72 59 CC 33 C3 3C AA 55 05 6F 00 00 00 00 09 D4 CC 33 C3 3C AA 55 05 67 00 00 D0 41 38 A8 CC 33 C3 3C AA 55 05 72 67 66 D2 41 F0 5B CC 33 C3 3C AA 55 05 68 00 F0 7F 45 39 80 CC 33 C3 3C AA 55 05 6E 00 00 00 00 C9 E9 CC 33 C3 3C AA 55 05 5C 00 00 80 40 3D B0 CC 33 C3 3C AA 55 05 71 00 00 80 40 3B 1C CC 33 C3 3C AA 55 05 98 00 00 00 00 DC 21 CC 33 C3 3C AA 55 05 99 00 00 00 00 1C 1C CC 33 C3 3C AA 55 05 5B 00 D0 78 45 C7 87 CC 33 C3 3C AA 55 05 70 00 F0 7F 45 3B A0 CC 33 C3 3C

2021-03-17 08:58:23:687: 

2021-03-17 08:58:23:740: 

2021-03-17 08:58:23:795: 

2021-03-17 08:58:23:848: AA 55 05 80 A4 27 FA 4A B2 51 CC 33 C3 3C AA 55 05 50 9A 99 DC 42 0A E6 CC 33 C3 3C AA 55 05 58 67 66 BA 41 F6

2021-03-17 08:58:23:906: 

2021-03-17 08:58:23:963: 

2021-03-17 08:58:24:030: 

2021-03-17 08:58:24:079: 6D CC 33 C3 3C AA 55 05 5A 00 00 00 00 0D 58 CC 33 C3 3C AA 55 05 52 33 33 CF 41 47 D3 CC 33 C3 3C AA 55 05 51 67 66 D2 41 37 9E CC 33 C3 3C AA 55 05 53 00 00 00 40 FC 85 CC 33 C3 3C AA 55 05 59 00 00 00 00 0D 1C CC 33 C3 3C AA 55 05 6D 67 66 E6 BF 72 59 CC 33 C3 3C AA 55 05 6F 00 00 00 00 09 D4 CC 33 C3 3C AA 55 05 67 00 00 D0 41 38 A8 CC 33 C3 3C AA 55 05 72 67 66 D2 41 F0 5B CC 33 C3 3C AA 55 05 68 00 F0 7F 45 39 80 CC 33 C3 3C AA 55 05 6E 00 00 00 00 C9 E9 CC 33 C3 3C AA 55 05 5C 00 00 80 40 3D B0 CC 33 C3 3C AA 55 05 71 00 00 80 40 3B 1C CC 33 C3 3C AA 55 05 98 00 00 00 00 DC 21 CC 33 C3 3C AA 55 05 99 00 00 00 00 1C 1C CC 33 C3 3C AA 55 05 5B 00 C0 78 45 02 86 CC 33 C3 3C AA 55 05 70 00 F0 7F 45 3B A0 CC 33 C3 3C

2021-03-17 08:58:24:185: 

2021-03-17 08:58:24:237: 

2021-03-17 08:58:24:288: 

2021-03-17 08:58:24:336: AA 55 05 80 E8 27 FA 4A 22 47 CC 33 C3

2021-03-17 08:58:24:393: 

2021-03-17 08:58:24:444: 

2021-03-17 08:58:24:493: 

2021-03-17 08:58:24:542: 3C AA 55 05 50 9A 99 DC 42 0A E6 CC 33 C3 3C AA 55 05 58 67 66 BA 41 F6 6D CC 33 C3 3C AA 55 05 5A 00 00 00 00 0D 58 CC 33 C3 3C AA 55 05 52 33 33 CF 41 47 D3 CC 33 C3 3C AA 55 05 51 67 66 D2 41 37 9E CC 33 C3 3C AA 55 05 53 00 00 00 40 FC 85 CC 33 C3 3C AA 55 05 59 00 00 00 00 0D 1C CC 33 C3 3C AA 55 05 6D 67 66 E6 BF 72 59 CC 33 C3 3C AA 55 05 6F 00 00 00 00 09 D4 CC 33 C3 3C AA 55 05 67 00 00 D0 41 38 A8 CC 33 C3 3C AA 55 05 72 67 66 D2 41 F0 5B CC 33 C3 3C AA 55 05 68 00 F0 7F 45 39 80 CC 33 C3 3C AA 55 05 6E 00 00 00 00 C9 E9 CC 33 C3 3C AA 55 05 5C 00 00 80 40 3D B0 CC 33 C3 3C AA 55 05 71 00 00 80 40 3B 1C CC 33 C3 3C AA 55 05 98 00 00 00 00 DC 21 CC 33 C3 3C AA 55 05 99 00 00 00 00 1C 1C CC 33 C3 3C AA 55 05 5B 00 C0 78 45 02 86 CC 33 C3 3C AA 55 05 70 00 F0 7F 45 3B A0 CC 33 C3 3C

2021-03-17 08:58:24:649: 

2021-03-17 08:58:24:699: 

2021-03-17 08:58:24:749: 

2021-03-17 08:58:24:800: AA 55 05 80 2C 28 FA 4A 11 4A CC 33 C3 3C AA 55 05 50 9A 99 DC 42 0A E6 CC 33 C3 3C AA 55 05 58 67 66 BA 41 F6 6D CC 33 C3 3C AA 55 05 5A 00 00 00 00 0D 58 CC 33

2021-03-17 08:58:24:862: 

2021-03-17 08:58:24:918: 

2021-03-17 08:58:24:969: 

2021-03-17 08:58:25:018: C3 3C AA 55 05 52 33 33 CF 41 47 D3 CC 33 C3 3C AA 55 05 51 67 66 D2 41 37 9E CC 33 C3 3C AA 55 05 53 00 00 00 40 FC 85 CC 33 C3 3C AA 55 05 59 00 00 00 00 0D 1C CC 33 C3 3C AA 55 05 6D 67 66 E6 BF 72 59 CC 33 C3 3C AA 55 05 6F 00 00 00 00 09 D4 CC 33 C3 3C AA 55 05 67 00 00 D0 41 38 A8 CC 33 C3 3C AA 55 05 72 67 66 D2 41 F0 5B CC 33 C3 3C AA 55 05 68 00 F0 7F 45 39 80 CC 33 C3 3C AA 55 05 6E 00 00 00 00 C9 E9 CC 33 C3 3C AA 55 05 5C 00 00 80 40 3D B0 CC 33 C3 3C AA 55 05 71 00 00 80 40 3B 1C CC 33 C3 3C AA 55 05 98 00 00 00 00 DC 21 CC 33 C3 3C AA 55 05 99 00 00 00 00 1C 1C CC 33 C3 3C AA 55 05 5B 00 C0 78 45 02 86 CC 33 C3 3C AA 55 05 70 00 F0 7F 45 3B A0 CC 33 C3 3C

2021-03-17 08:58:25:114: 

2021-03-17 08:58:25:172: 

2021-03-17 08:58:25:223: 

2021-03-17 08:58:25:273: AA 55 05 80 70 28 FA 4A 41 58 CC 33 C3 3C AA 55 05 50 9A 99 DC 42 0A E6 CC 33 C3 3C AA 55 05

2021-03-17 08:58:25:330: 

2021-03-17 08:58:25:382: 

2021-03-17 08:58:25:431: 

2021-03-17 08:58:25:482: 58 67 66 BA 41 F6 6D CC 33 C3 3C AA 55 05 5A 00 00 00 00 0D 58 CC 33 C3 3C AA 55 05 52 33 33 CF 41 47 D3 CC 33 C3 3C AA 55 05 51 67 66 D2 41 37 9E CC 33 C3 3C AA 55 05 53 00 00 00 40 FC 85 CC 33 C3 3C AA 55 05 59 00 00 00 00 0D 1C CC 33 C3 3C AA 55 05 6D 67 66 E6 BF 72 59 CC 33 C3 3C AA 55 05 6F 00 00 00 00 09 D4 CC 33 C3 3C AA 55 05 67 00 00 D0 41 38 A8 CC 33 C3 3C AA 55 05 72 67 66 D2 41 F0 5B CC 33 C3 3C AA 55 05 68 00 F0 7F 45 39 80 CC 33 C3 3C AA 55 05 6E 00 00 00 00 C9 E9 CC 33 C3 3C AA 55 05 5C 00 00 80 40 3D B0 CC 33 C3 3C AA 55 05 71 00 00 80 40 3B 1C CC 33 C3 3C AA 55 05 98 00 00 00 00 DC 21 CC 33 C3 3C AA 55 05 99 00 00 00 00 1C 1C CC 33 C3 3C AA 55 05 5B 00 C0 78 45 02 86 CC 33 C3 3C AA 55 05 70 00 F0 7F 45 3B A0 CC 33 C3 3C

2021-03-17 08:58:25:584: 

2021-03-17 08:58:25:649: 

2021-03-17 08:58:25:705: 

2021-03-17 08:58:25:763: AA 55 05 80 B4 28 FA 4A 71 65 CC 33 C3 3C AA 55 05 50 9A 99 DC 42 0A E6 CC 33 C3 3C AA 55 05 58 67 66 BA 41 F6 6D CC 33 C3 3C AA 55 05 5A 00 00 00 00 0D 58 CC 33 C3 3C AA 55 05 52 33 33 CF 41 47 D3 CC 33 C3 3C AA 55 05 51 67 66 D2 41 37 9E CC 33 C3 3C AA 55 05 53 00 00 00 40 FC 85 CC 33 C3 3C AA 55 05 59 00 00 00 00 0D 1C CC 33 C3 3C AA 55 05 6D 67 66 E6 BF 72 59 CC 33 C3 3C AA 55 05 6F 00 00 00 00 09 D4 CC 33 C3 3C AA 55 05 67 00 00 D0 41 38 A8 CC 33 C3 3C AA 55 05 72 67 66 D2 41 F0 5B CC 33 C3 3C AA 55 05 68 00 F0 7F 45 39 80 CC 33 C3 3C AA 55 05 6E 00 00 00 00 C9 E9 CC 33 C3 3C AA 55 05 5C 00 00 80 40 3D B0 CC 33 C3 3C AA 55 05 71 00 00 80 40 3B 1C CC 33 C3 3C AA 55 05 98 00 00 00 00 DC 21 CC 33 C3 3C AA 55 05 99 00 00 00 00 1C 1C CC 33 C3 3C AA 55 05 5B 00 C0 78 45 02 86 CC 33 C3 3C AA 55 05 70 00 F0 7F 45 3B A0 CC 33 C3 3C

2021-03-17 08:58:25:872: 

2021-03-17 08:58:25:925: 

2021-03-17 08:58:25:979: 

2021-03-17 08:58:26:029: AA 55 05 80 F8 28 FA 4A E1 73 CC 33 C3 3C AA 55 05 50 9A 99 DC 42 0A E6 CC 33 C3 3C AA 55 05 58 67 66 BA 41 F6 6D CC 33 C3 3C AA 55 05 5A 00 00

2021-03-17 08:58:26:087: 

2021-03-17 08:58:26:148: 

2021-03-17 08:58:26:213: 

2021-03-17 08:58:26:277: 00 00 0D 58 CC 33 C3 3C AA 55 05 52 33 33 CF 41 47 D3 CC 33 C3 3C AA 55 05 51 67 66 D2 41 37 9E CC 33 C3 3C AA 55 05 53 00 00 00 40 FC 85 CC 33 C3 3C AA 55 05 59 00 00 00 00 0D 1C CC 33 C3 3C AA 55 05 6D 67 66 E6 BF 72 59 CC 33 C3 3C AA 55 05 6F 00 00 00 00 09 D4 CC 33 C3 3C AA 55 05 67 00 00 D0 41 38 A8 CC 33 C3 3C AA 55 05 72 67 66 D2 41 F0 5B CC 33 C3 3C AA 55 05 68 00 F0 7F 45 39 80 CC 33 C3 3C AA 55 05 6E 00 00 00 00 C9 E9 CC 33 C3 3C AA 55 05 5C 00 00 80 40 3D B0 CC 33 C3 3C AA 55 05 71 00 00 80 40 3B 1C CC 33 C3 3C AA 55 05 98 00 00 00 00 DC 21 CC 33 C3 3C AA 55 05 99 00 00 00 00 1C 1C CC 33 C3 3C AA 55 05 5B 00 C0 78 45 02 86 CC 33 C3 3C AA 55 05 70 00 F0 7F 45 3B A0 CC 33 C3 3C

2021-03-17 08:58:26:383: 

2021-03-17 08:58:26:435: 

2021-03-17 08:58:26:484: 

2021-03-17 08:58:26:533: AA 55 05 80 3C 29 FA 4A 11 1F CC 33 C3 3C AA 55 05 50 9A 99 DC 42 0A E6 CC

2021-03-17 08:58:26:590: 

2021-03-17 08:58:26:644: 

2021-03-17 08:58:26:694: 

2021-03-17 08:58:26:746: 33 C3 3C AA 55 05 58 67 66 BA 41 F6 6D CC 33 C3 3C AA 55 05 5A 00 00 00 00 0D 58 CC 33 C3 3C AA 55 05 52 33 33 CF 41 47 D3 CC 33 C3 3C AA 55 05 51 67 66 D2 41 37 9E CC 33 C3 3C AA 55 05 53 00 00 00 40 FC 85 CC 33 C3 3C AA 55 05 59 00 00 00 00 0D 1C CC 33 C3 3C AA 55 05 6D 67 66 E6 BF 72 59 CC 33 C3 3C AA 55 05 6F 00 00 00 00 09 D4 CC 33 C3 3C AA 55 05 67 00 00 D0 41 38 A8 CC 33 C3 3C AA 55 05 72 67 66 D2 41 F0 5B CC 33 C3 3C AA 55 05 68 00 F0 7F 45 39 80 CC 33 C3 3C AA 55 05 6E 00 00 00 00 C9 E9 CC 33 C3 3C AA 55 05 5C 00 00 80 40 3D B0 CC 33 C3 3C AA 55 05 71 00 00 80 40 3B 1C CC 33 C3 3C AA 55 05 98 00 00 00 00 DC 21 CC 33 C3 3C AA 55 05 99 00 00 00 00 1C 1C CC 33 C3 3C AA 55 05 5B 00 C0 78 45 02 86 CC 33 C3 3C AA 55 05 70 00 F0 7F 45 3B A0 CC 33 C3 3C

2021-03-17 08:58:26:849: 

2021-03-17 08:58:26:902: 

2021-03-17 08:58:26:952: 

2021-03-17 08:58:27:004: AA 55 05 80 80 29 FA 4A 81 3A CC 33 C3 3C AA 55 05 50 9A 99 DC 42 0A E6 CC 33 C3 3C AA 55 05 58 67 66 BA 41 F6 6D CC 33 C3 3C AA 55 05 5A 00 00 00 00 0D 58 CC 33 C3 3C AA 55 05 52 33 33 CF 41 47 D3 CC 33 C3 3C AA 55 05 51 67 66 D2 41 37 9E CC 33 C3 3C AA 55 05 53 00 00 00 40 FC 85 CC 33 C3 3C AA 55 05 59 00 00 00 00 0D 1C CC 33 C3 3C AA 55 05 6D 67 66 E6 BF 72 59 CC 33 C3 3C AA 55 05 6F 00 00 00 00 09 D4 CC 33 C3 3C AA 55 05 67 00 00 D0 41 38 A8 CC 33 C3 3C AA 55 05 72 67 66 D2 41 F0 5B CC 33 C3 3C AA 55 05 68 00 F0 7F 45 39 80 CC 33 C3 3C AA 55 05 6E 00 00 00 00 C9 E9 CC 33 C3 3C AA 55 05 5C 00 00 80 40 3D B0 CC 33 C3 3C AA 55 05 71 00 00 80 40 3B 1C CC 33 C3 3C AA 55 05 98 00 00 00 00 DC 21 CC 33 C3 3C AA 55 05 99 00 00 00 00 1C 1C CC 33 C3 3C AA 55 05 5B 00 C0 78 45 02 86 CC 33 C3 3C AA 55 05 70 00 F0 7F 45 3B A0 CC 33 C3 3C

2021-03-17 08:58:27:111: 

2021-03-17 08:58:27:162: 

2021-03-17 08:58:27:219: 

2021-03-17 08:58:27:270: AA 55 05 80 C4 29 FA 4A 71 2E CC 33 C3 3C AA 55 05 50 9A 99 DC 42 0A E6 CC 33 C3 3C AA 55 05 58 67 66 BA 41 F6 6D CC 33 C3 3C AA

2021-03-17 08:58:27:329: 

2021-03-17 08:58:27:381: 

2021-03-17 08:58:27:434: 

2021-03-17 08:58:27:486: 55 05 5A 00 00 00 00 0D 58 CC 33 C3 3C AA 55 05 52 33 33 CF 41 47 D3 CC 33 C3 3C AA 55 05 51 67 66 D2 41 37 9E CC 33 C3 3C AA 55 05 53 00 00 00 40 FC 85 CC 33 C3 3C AA 55 05 59 00 00 00 00 0D 1C CC 33 C3 3C AA 55 05 6D 67 66 E6 BF 72 59 CC 33 C3 3C AA 55 05 6F 00 00 00 00 09 D4 CC 33 C3 3C AA 55 05 67 00 00 D0 41 38 A8 CC 33 C3 3C AA 55 05 72 67 66 D2 41 F0 5B CC 33 C3 3C AA 55 05 68 00 F0 7F 45 39 80 CC 33 C3 3C AA 55 05 6E 00 00 00 00 C9 E9 CC 33 C3 3C AA 55 05 5C 00 00 80 40 3D B0 CC 33 C3 3C AA 55 05 71 00 00 80 40 3B 1C CC 33 C3 3C AA 55 05 98 00 00 00 00 DC 21 CC 33 C3 3C AA 55 05 99 00 00 00 00 1C 1C CC 33 C3 3C AA 55 05 5B 00 C0 78 45 02 86 CC 33 C3 3C AA 55 05 70 00 F0 7F 45 3B A0 CC 33 C3 3C

2021-03-17 08:58:27:588: 

2021-03-17 08:58:27:644: 

2021-03-17 08:58:27:699: 

2021-03-17 08:58:27:750: AA 55 05 80 08 2A FA 4A 21 E1 CC 33 C3 3C AA 55 05 50 9A 99

2021-03-17 08:58:27:809: 

2021-03-17 08:58:27:862: 

2021-03-17 08:58:27:916: 

2021-03-17 08:58:27:968: DC 42 0A E6 CC 33 C3 3C AA 55 05 58 67 66 BA 41 F6 6D CC 33 C3 3C AA 55 05 5A 00 00 00 00 0D 58 CC 33 C3 3C AA 55 05 52 33 33 CF 41 47 D3 CC 33 C3 3C AA 55 05 51 67 66 D2 41 37 9E CC 33 C3 3C AA 55 05 53 00 00 00 40 FC 85 CC 33 C3 3C AA 55 05 59 00 00 00 00 0D 1C CC 33 C3 3C AA 55 05 6D 67 66 E6 BF 72 59 CC 33 C3 3C AA 55 05 6F 00 00 00 00 09 D4 CC 33 C3 3C AA 55 05 67 00 00 D0 41 38 A8 CC 33 C3 3C AA 55 05 72 67 66 D2 41 F0 5B CC 33 C3 3C AA 55 05 68 00 F0 7F 45 39 80 CC 33 C3 3C AA 55 05 6E 00 00 00 00 C9 E9 CC 33 C3 3C AA 55 05 5C 00 00 80 40 3D B0 CC 33 C3 3C AA 55 05 71 00 00 80 40 3B 1C CC 33 C3 3C AA 55 05 98 00 00 00 00 DC 21 CC 33 C3 3C AA 55 05 99 00 00 00 00 1C 1C CC 33 C3 3C AA 55 05 5B 00 C0 78 45 02 86 CC 33 C3 3C AA 55 05 70 00 F0 7F 45 3B A0 CC 33 C3 3C

2021-03-17 08:58:28:074: 

2021-03-17 08:58:28:126: 

2021-03-17 08:58:28:179: 

2021-03-17 08:58:28:231: AA 55 05 80 4C 2A FA 4A D1 F5 CC 33 C3 3C AA 55 05 50 9A 99 DC 42 0A E6 CC 33 C3 3C AA 55 05 58 67 66 BA 41 F6 6D CC 33 C3 3C AA 55 05 5A 00 00 00 00 0D 58 CC 33 C3 3C AA 55 05 52

2021-03-17 08:58:28:296: 

2021-03-17 08:58:28:347: 

2021-03-17 08:58:28:400: 

2021-03-17 08:58:28:456: 33 33 CF 41 47 D3 CC 33 C3 3C AA 55 05 51 67 66 D2 41 37 9E CC 33 C3 3C AA 55 05 53 00 00 00 40 FC 85 CC 33 C3 3C AA 55 05 59 00 00 00 00 0D 1C CC 33 C3 3C AA 55 05 6D 67 66 E6 BF 72 59 CC 33 C3 3C AA 55 05 6F 00 00 00 00 09 D4 CC 33 C3 3C AA 55 05 67 00 00 D0 41 38 A8 CC 33 C3 3C AA 55 05 72 67 66 D2 41 F0 5B CC 33 C3 3C AA 55 05 68 00 F0 7F 45 39 80 CC 33 C3 3C AA 55 05 6E 00 00 00 00 C9 E9 CC 33 C3 3C AA 55 05 5C 00 00 80 40 3D B0 CC 33 C3 3C AA 55 05 71 00 00 80 40 3B 1C CC 33 C3 3C AA 55 05 98 00 00 00 00 DC 21 CC 33 C3 3C AA 55 05 99 00 00 00 00 1C 1C CC 33 C3 3C AA 55 05 5B 00 C0 78 45 02 86 CC 33 C3 3C AA 55 05 70 00 F0 7F 45 3B A0 CC 33 C3 3C

2021-03-17 08:58:28:558: 

2021-03-17 08:58:28:634: 

2021-03-17 08:58:28:699: 

2021-03-17 08:58:28:751: AA 55 05 80 90 2A FA 4A 41 CE CC 33 C3 3C AA 55 05 50 9A 99 DC 42 0A E6 CC 33 C3 3C AA 55 05 58 9A 99 B9 41 9A

2021-03-17 08:58:28:811: 

2021-03-17 08:58:28:863: 

2021-03-17 08:58:28:916: 

2021-03-17 08:58:28:968: 6C CC 33 C3 3C AA 55 05 5A 00 00 00 00 0D 58 CC 33 C3 3C AA 55 05 52 33 33 CF 41 47 D3 CC 33 C3 3C AA 55 05 51 67 66 D2 41 37 9E CC 33 C3 3C AA 55 05 53 00 00 00 40 FC 85 CC 33 C3 3C AA 55 05 59 00 00 00 00 0D 1C CC 33 C3 3C AA 55 05 6D 67 66 E6 BF 72 59 CC 33 C3 3C AA 55 05 6F 00 00 00 00 09 D4 CC 33 C3 3C AA 55 05 67 00 00 D0 41 38 A8 CC 33 C3 3C AA 55 05 72 67 66 D2 41 F0 5B CC 33 C3 3C AA 55 05 68 00 F0 7F 45 39 80 CC 33 C3 3C AA 55 05 6E 00 00 00 00 C9 E9 CC 33 C3 3C AA 55 05 5C 00 00 80 40 3D B0 CC 33 C3 3C AA 55 05 71 00 00 80 40 3B 1C CC 33 C3 3C AA 55 05 98 00 00 00 00 DC 21 CC 33 C3 3C AA 55 05 99 00 00 00 00 1C 1C CC 33 C3 3C AA 55 05 5B 00 C0 78 45 02 86 CC 33 C3 3C AA 55 05 70 00 F0 7F 45 3B A0 CC 33 C3 3C

2021-03-17 08:58:29:074: 

2021-03-17 08:58:29:128: 

2021-03-17 08:58:29:181: 

2021-03-17 08:58:29:236: AA 55 05 80 D4 2A FA 4A B1 DA CC 33 C3 3C

2021-03-17 08:58:29:294: 

2021-03-17 08:58:29:345: 

2021-03-17 08:58:29:397: 

2021-03-17 08:58:29:452: AA 55 05 50 9A 99 DC 42 0A E6 CC 33 C3 3C AA 55 05 58 67 66 BA 41 F6 6D CC 33 C3 3C AA 55 05 5A 00 00 00 00 0D 58 CC 33 C3 3C AA 55 05 52 33 33 CF 41 47 D3 CC 33 C3 3C AA 55 05 51 67 66 D2 41 37 9E CC 33 C3 3C AA 55 05 53 00 00 00 40 FC 85 CC 33 C3 3C AA 55 05 59 00 00 00 00 0D 1C CC 33 C3 3C AA 55 05 6D 67 66 E6 BF 72 59 CC 33 C3 3C AA 55 05 6F 00 00 00 00 09 D4 CC 33 C3 3C AA 55 05 67 00 00 D0 41 38 A8 CC 33 C3 3C AA 55 05 72 67 66 D2 41 F0 5B CC 33 C3 3C AA 55 05 68 00 F0 7F 45 39 80 CC 33 C3 3C AA 55 05 6E 00 00 00 00 C9 E9 CC 33 C3 3C AA 55 05 5C 00 00 80 40 3D B0 CC 33 C3 3C AA 55 05 71 00 00 80 40 3B 1C CC 33 C3 3C AA 55 05 98 00 00 00 00 DC 21 CC 33 C3 3C AA 55 05 99 00 00 00 00 1C 1C CC 33 C3 3C AA 55 05 5B 00 B0 78 45 D9 87 CC 33 C3 3C AA 55 05 70 00 F0 7F 45 3B A0 CC 33 C3 3C

2021-03-17 08:58:29:564: 

2021-03-17 08:58:29:620: 

2021-03-17 08:58:29:673: 

2021-03-17 08:58:29:730: AA 55 05 80 18 2B FA 4A 21 B4 CC 33 C3 3C AA 55 05 50 9A 99 DC 42 0A E6 CC 33 C3 3C AA 55 05 58 67 66 BA 41 F6 6D CC 33 C3 3C AA 55 05 5A 00 00 00 00 0D 58 CC 33

2021-03-17 08:58:29:795: 

2021-03-17 08:58:29:851: 

2021-03-17 08:58:29:903: 

2021-03-17 08:58:29:955: C3 3C AA 55 05 52 33 33 CF 41 47 D3 CC 33 C3 3C AA 55 05 51 67 66 D2 41 37 9E CC 33 C3 3C AA 55 05 53 00 00 00 40 FC 85 CC 33 C3 3C AA 55 05 59 00 00 00 00 0D 1C CC 33 C3 3C AA 55 05 6D 67 66 E6 BF 72 59 CC 33 C3 3C AA 55 05 6F 00 00 00 00 09 D4 CC 33 C3 3C AA 55 05 67 00 00 D0 41 38 A8 CC 33 C3 3C AA 55 05 72 67 66 D2 41 F0 5B CC 33 C3 3C AA 55 05 68 00 F0 7F 45 39 80 CC 33 C3 3C AA 55 05 6E 00 00 00 00 C9 E9 CC 33 C3 3C AA 55 05 5C 00 00 80 40 3D B0 CC 33 C3 3C AA 55 05 71 00 00 80 40 3B 1C CC 33 C3 3C AA 55 05 98 00 00 00 00 DC 21 CC 33 C3 3C AA 55 05 99 00 00 00 00 1C 1C CC 33 C3 3C AA 55 05 5B 00 C0 78 45 02 86 CC 33 C3 3C AA 55 05 70 00 F0 7F 45 3B A0 CC 33 C3 3C

2021-03-17 08:58:30:064: 

2021-03-17 08:58:30:119: 

2021-03-17 08:58:30:172: 

2021-03-17 08:58:30:227: AA 55 05 80 5C 2B FA 4A D1 A0 CC 33 C3 3C AA 55 05 50 9A 99 DC 42 0A E6 CC 33 C3 3C AA 55 05

2021-03-17 08:58:30:291: 

2021-03-17 08:58:30:346: 

2021-03-17 08:58:30:400: 

2021-03-17 08:58:30:456: 58 67 66 BA 41 F6 6D CC 33 C3 3C AA 55 05 5A 00 00 00 00 0D 58 CC 33 C3 3C AA 55 05 52 33 33 CF 41 47 D3 CC 33 C3 3C AA 55 05 51 67 66 D2 41 37 9E CC 33 C3 3C AA 55 05 53 00 00 00 40 FC 85 CC 33 C3 3C AA 55 05 59 00 00 00 00 0D 1C CC 33 C3 3C AA 55 05 6D 67 66 E6 BF 72 59 CC 33 C3 3C AA 55 05 6F 00 00 00 00 09 D4 CC 33 C3 3C AA 55 05 67 00 00 D0 41 38 A8 CC 33 C3 3C AA 55 05 72 67 66 D2 41 F0 5B CC 33 C3 3C AA 55 05 68 00 F0 7F 45 39 80 CC 33 C3 3C AA 55 05 6E 00 00 00 00 C9 E9 CC 33 C3 3C AA 55 05 5C 00 00 80 40 3D B0 CC 33 C3 3C AA 55 05 71 00 00 80 40 3B 1C CC 33 C3 3C AA 55 05 98 00 00 00 00 DC 21 CC 33 C3 3C AA 55 05 99 00 00 00 00 1C 1C CC 33 C3 3C AA 55 05 5B 00 C0 78 45 02 86 CC 33 C3 3C AA 55 05 70 00 F0 7F 45 3B A0 CC 33 C3 3C

2021-03-17 08:58:30:566: 

2021-03-17 08:58:30:621: 

2021-03-17 08:58:30:684: 

2021-03-17 08:58:30:751: AA 55 05 80 A0 2B FA 4A 81 90 CC 33 C3 3C AA 55 05 50 9A 99 DC 42 0A E6 CC 33 C3 3C AA 55 05 58 67 66 BA 41 F6 6D CC 33 C3 3C AA 55 05 5A 00 00 00 00 0D 58 CC 33 C3 3C AA 55 05 52 33 33 CF 41 47 D3 CC 33 C3 3C AA 55 05 51 67 66 D2 41 37 9E CC 33 C3 3C AA 55 05 53 00 00 00 40 FC 85 CC 33 C3 3C AA 55 05 59 00 00 00 00 0D 1C CC 33 C3 3C AA 55 05 6D 67 66 E6 BF 72 59 CC 33 C3 3C AA 55 05 6F 00 00 00 00 09 D4 CC 33 C3 3C AA 55 05 67 00 00 D0 41 38 A8 CC 33 C3 3C AA 55 05 72 67 66 D2 41 F0 5B CC 33 C3 3C AA 55 05 68 00 F0 7F 45 39 80 CC 33 C3 3C AA 55 05 6E 00 00 00 00 C9 E9 CC 33 C3 3C AA 55 05 5C 00 00 80 40 3D B0 CC 33 C3 3C AA 55 05 71 00 00 80 40 3B 1C CC 33 C3 3C AA 55 05 98 00 00 00 00 DC 21 CC 33 C3 3C AA 55 05 99 00 00 00 00 1C 1C CC 33 C3 3C AA 55 05 5B 00 C0 78 45 02 86 CC 33 C3 3C AA 55 05 70 00 F0 7F 45 3B A0 CC 33 C3 3C

2021-03-17 08:58:30:867: 

2021-03-17 08:58:30:920: 

2021-03-17 08:58:30:974: 

2021-03-17 08:58:31:027: AA 55 05 80 E4 2B FA 4A 71 84 CC 33 C3 3C AA 55 05 50 9A 99 DC 42 0A E6 CC 33 C3 3C AA 55 05 58 67 66 BA 41 F6 6D CC 33 C3 3C AA 55 05 5A 00 00 00

2021-03-17 08:58:31:092: 

2021-03-17 08:58:31:146: 

2021-03-17 08:58:31:200: 

2021-03-17 08:58:31:257: 00 0D 58 CC 33 C3 3C AA 55 05 52 33 33 CF 41 47 D3 CC 33 C3 3C AA 55 05 51 67 66 D2 41 37 9E CC 33 C3 3C AA 55 05 53 00 00 00 40 FC 85 CC 33 C3 3C AA 55 05 59 00 00 00 00 0D 1C CC 33 C3 3C AA 55 05 6D 67 66 E6 BF 72 59 CC 33 C3 3C AA 55 05 6F 00 00 00 00 09 D4 CC 33 C3 3C AA 55 05 67 00 00 D0 41 38 A8 CC 33 C3 3C AA 55 05 72 67 66 D2 41 F0 5B CC 33 C3 3C AA 55 05 68 00 F0 7F 45 39 80 CC 33 C3 3C AA 55 05 6E 00 00 00 00 C9 E9 CC 33 C3 3C AA 55 05 5C 00 00 80 40 3D B0 CC 33 C3 3C AA 55 05 71 00 00 80 40 3B 1C CC 33 C3 3C AA 55 05 98 00 00 00 00 DC 21 CC 33 C3 3C AA 55 05 99 00 00 00 00 1C 1C CC 33 C3 3C AA 55 05 5B 00 B0 78 45 D9 87 CC 33 C3 3C AA 55 05 70 00 F0 7F 45 3B A0 CC 33 C3 3C

2021-03-17 08:58:31:362: 

2021-03-17 08:58:31:416: 

2021-03-17 08:58:31:482: 

2021-03-17 08:58:31:543: AA 55 05 80 28 2C FA 4A E0 0A CC 33 C3 3C AA 55 05 50 9A 99 DC 42 0A E6 CC 33

2021-03-17 08:58:31:603: 

2021-03-17 08:58:31:657: 

2021-03-17 08:58:31:714: 

2021-03-17 08:58:31:769: C3 3C AA 55 05 58 67 66 BA 41 F6 6D CC 33 C3 3C AA 55 05 5A 00 00 00 00 0D 58 CC 33 C3 3C AA 55 05 52 33 33 CF 41 47 D3 CC 33 C3 3C AA 55 05 51 67 66 D2 41 37 9E CC 33 C3 3C AA 55 05 53 00 00 00 40 FC 85 CC 33 C3 3C AA 55 05 59 00 00 00 00 0D 1C CC 33 C3 3C AA 55 05 6D 67 66 E6 BF 72 59 CC 33 C3 3C AA 55 05 6F 00 00 00 00 09 D4 CC 33 C3 3C AA 55 05 67 00 00 D0 41 38 A8 CC 33 C3 3C AA 55 05 72 67 66 D2 41 F0 5B CC 33 C3 3C AA 55 05 68 00 F0 7F 45 39 80 CC 33 C3 3C AA 55 05 6E 00 00 00 00 C9 E9 CC 33 C3 3C AA 55 05 5C 00 00 80 40 3D B0 CC 33 C3 3C AA 55 05 71 00 00 80 40 3B 1C CC 33 C3 3C AA 55 05 98 00 00 00 00 DC 21 CC 33 C3 3C AA 55 05 99 00 00 00 00 1C 1C CC 33 C3 3C AA 55 05 5B 00 C0 78 45 02 86 CC 33 C3 3C AA 55 05 70 00 F0 7F 45 3B A0 CC 33 C3 3C

2021-03-17 08:58:31:882: 

2021-03-17 08:58:31:936: 

2021-03-17 08:58:31:990: 

2021-03-17 08:58:32:044: AA 55 05 80 6C 2C FA 4A 10 1E CC 33 C3 3C AA 55 05 50 9A 99 DC 42 0A E6 CC 33 C3 3C AA 55 05 58 67 66 BA 41 F6 6D CC 33 C3 3C AA 55 05 5A 00 00 00 00 0D 58 CC 33 C3 3C AA 55 05 52 33 33 CF 41 47 D3 CC 33 C3 3C AA 55 05 51 67 66 D2 41 37 9E CC 33 C3 3C AA 55 05 53 00 00 00 40 FC 85 CC 33 C3 3C AA 55 05 59 00 00 00 00 0D 1C CC 33 C3 3C AA 55 05 6D 67 66 E6 BF 72 59 CC 33 C3 3C AA 55 05 6F 00 00 00 00 09 D4 CC 33 C3 3C AA 55 05 67 00 00 D0 41 38 A8 CC 33 C3 3C AA 55 05 72 67 66 D2 41 F0 5B CC 33 C3 3C AA 55 05 68 00 F0 7F 45 39 80 CC 33 C3 3C AA 55 05 6E 00 00 00 00 C9 E9 CC 33 C3 3C AA 55 05 5C 00 00 80 40 3D B0 CC 33 C3 3C AA 55 05 71 00 00 80 40 3B 1C CC 33 C3 3C AA 55 05 98 00 00 00 00 DC 21 CC 33 C3 3C AA 55 05 99 00 00 00 00 1C 1C CC 33 C3 3C AA 55 05 5B 00 B0 78 45 D9 87 CC 33 C3 3C AA 55 05 70 00 F0 7F 45 3B A0 CC 33 C3 3C

2021-03-17 08:58:32:161: 

2021-03-17 08:58:32:215: 

2021-03-17 08:58:32:271: 

2021-03-17 08:58:32:324: AA 55 05 80 B0 2C FA 4A 80 25 CC 33 C3 3C AA 55 05 50 9A 99 DC 42 0A E6 CC 33 C3 3C AA 55 05 58 67 66 BA 41 F6 6D CC 33 C3 3C AA

2021-03-17 08:58:32:388: 

2021-03-17 08:58:32:443: 

2021-03-17 08:58:32:500: 

2021-03-17 08:58:32:554: 55 05 5A 00 00 00 00 0D 58 CC 33 C3 3C AA 55 05 52 33 33 CF 41 47 D3 CC 33 C3 3C AA 55 05 51 67 66 D2 41 37 9E CC 33 C3 3C AA 55 05 53 00 00 00 40 FC 85 CC 33 C3 3C AA 55 05 59 00 00 00 00 0D 1C CC 33 C3 3C AA 55 05 6D 67 66 E6 BF 72 59 CC 33 C3 3C AA 55 05 6F 00 00 00 00 09 D4 CC 33 C3 3C AA 55 05 67 00 00 D0 41 38 A8 CC 33 C3 3C AA 55 05 72 67 66 D2 41 F0 5B CC 33 C3 3C AA 55 05 68 00 F0 7F 45 39 80 CC 33 C3 3C AA 55 05 6E 00 00 00 00 C9 E9 CC 33 C3 3C AA 55 05 5C 00 00 80 40 3D B0 CC 33 C3 3C AA 55 05 71 00 00 80 40 3B 1C CC 33 C3 3C AA 55 05 98 00 00 00 00 DC 21 CC 33 C3 3C AA 55 05 99 00 00 00 00 1C 1C CC 33 C3 3C AA 55 05 5B 00 C0 78 45 02 86 CC 33 C3 3C AA 55 05 70 00 F0 7F 45 3B A0 CC 33 C3 3C

2021-03-17 08:58:32:663: 

2021-03-17 08:58:32:721: 

2021-03-17 08:58:32:777: 

2021-03-17 08:58:32:831: AA 55 05 80 F4 2C FA 4A 70 31 CC 33 C3 3C AA 55 05 50 9A 99

2021-03-17 08:58:32:897: 

2021-03-17 08:58:32:952: 

2021-03-17 08:58:33:007: 

2021-03-17 08:58:33:062: DC 42 0A E6 CC 33 C3 3C AA 55 05 58 67 66 BA 41 F6 6D CC 33 C3 3C AA 55 05 5A 00 00 00 00 0D 58 CC 33 C3 3C AA 55 05 52 33 33 CF 41 47 D3 CC 33 C3 3C AA 55 05 51 67 66 D2 41 37 9E CC 33 C3 3C AA 55 05 53 00 00 00 40 FC 85 CC 33 C3 3C AA 55 05 59 00 00 00 00 0D 1C CC 33 C3 3C AA 55 05 6D 67 66 E6 BF 72 59 CC 33 C3 3C AA 55 05 6F 00 00 00 00 09 D4 CC 33 C3 3C AA 55 05 67 00 00 D0 41 38 A8 CC 33 C3 3C AA 55 05 72 67 66 D2 41 F0 5B CC 33 C3 3C AA 55 05 68 00 F0 7F 45 39 80 CC 33 C3 3C AA 55 05 6E 00 00 00 00 C9 E9 CC 33 C3 3C AA 55 05 5C 00 00 80 40 3D B0 CC 33 C3 3C AA 55 05 71 00 00 80 40 3B 1C CC 33 C3 3C AA 55 05 98 00 00 00 00 DC 21 CC 33 C3 3C AA 55 05 99 00 00 00 00 1C 1C CC 33 C3 3C AA 55 05 5B 00 C0 78 45 02 86 CC 33 C3 3C AA 55 05 70 00 F0 7F 45 3B A0 CC 33 C3 3C

2021-03-17 08:58:33:174: 

2021-03-17 08:58:33:231: 

2021-03-17 08:58:33:287: 

2021-03-17 08:58:33:343: AA 55 05 80 38 2D FA 4A E0 5F CC 33 C3 3C AA 55 05 50 9A 99 DC 42 0A E6 CC 33 C3 3C AA 55 05 58 67 66 BA 41 F6 6D CC 33 C3 3C AA 55 05 5A 00 00 00 00 0D 58 CC 33 C3 3C AA 55 05 52

2021-03-17 08:58:33:413: 

2021-03-17 08:58:33:471: 

2021-03-17 08:58:33:527: 

2021-03-17 08:58:33:584: 33 33 CF 41 47 D3 CC 33 C3 3C AA 55 05 51 67 66 D2 41 37 9E CC 33 C3 3C AA 55 05 53 00 00 00 40 FC 85 CC 33 C3 3C AA 55 05 59 00 00 00 00 0D 1C CC 33 C3 3C AA 55 05 6D 67 66 E6 BF 72 59 CC 33 C3 3C AA 55 05 6F 00 00 00 00 09 D4 CC 33 C3 3C AA 55 05 67 00 00 D0 41 38 A8 CC 33 C3 3C AA 55 05 72 67 66 D2 41 F0 5B CC 33 C3 3C AA 55 05 68 00 F0 7F 45 39 80 CC 33 C3 3C AA 55 05 6E 00 00 00 00 C9 E9 CC 33 C3 3C AA 55 05 5C 00 00 80 40 3D B0 CC 33 C3 3C AA 55 05 71 00 00 80 40 3B 1C CC 33 C3 3C AA 55 05 98 00 00 00 00 DC 21 CC 33 C3 3C AA 55 05 99 00 00 00 00 1C 1C CC 33 C3 3C AA 55 05 5B 00 C0 78 45 02 86 CC 33 C3 3C AA 55 05 70 00 F0 7F 45 3B A0 CC 33 C3 3C

2021-03-17 08:58:33:690: 

2021-03-17 08:58:33:747: 

2021-03-17 08:58:33:802: 

2021-03-17 08:58:33:857: AA 55 05 80 7C 2D FA 4A 10 4B CC 33 C3 3C AA 55 05 50 9A 99 DC 42 0A E6 CC 33 C3 3C AA 55 05 58 67 66 BA 41 F6

2021-03-17 08:58:33:922: 

2021-03-17 08:58:33:978: 

2021-03-17 08:58:34:034: 

2021-03-17 08:58:34:093: 6D CC 33 C3 3C AA 55 05 5A 00 00 00 00 0D 58 CC 33 C3 3C AA 55 05 52 33 33 CF 41 47 D3 CC 33 C3 3C AA 55 05 51 67 66 D2 41 37 9E CC 33 C3 3C AA 55 05 53 00 00 00 40 FC 85 CC 33 C3 3C AA 55 05 59 00 00 00 00 0D 1C CC 33 C3 3C AA 55 05 6D 67 66 E6 BF 72 59 CC 33 C3 3C AA 55 05 6F 00 00 00 00 09 D4 CC 33 C3 3C AA 55 05 67 00 00 D0 41 38 A8 CC 33 C3 3C AA 55 05 72 67 66 D2 41 F0 5B CC 33 C3 3C AA 55 05 68 00 F0 7F 45 39 80 CC 33 C3 3C AA 55 05 6E 00 00 00 00 C9 E9 CC 33 C3 3C AA 55 05 5C 00 00 80 40 3D B0 CC 33 C3 3C AA 55 05 71 00 00 80 40 3B 1C CC 33 C3 3C AA 55 05 98 00 00 00 00 DC 21 CC 33 C3 3C AA 55 05 99 00 00 00 00 1C 1C CC 33 C3 3C AA 55 05 5B 00 B0 78 45 D9 87 CC 33 C3 3C AA 55 05 70 00 F0 7F 45 3B A0 CC 33 C3 3C

2021-03-17 08:58:34:205: 

2021-03-17 08:58:34:262: 

2021-03-17 08:58:34:323: 

2021-03-17 08:58:34:378: AA 55 05 80 C0 2D FA 4A 80 6E CC 33 C3 3C

2021-03-17 08:58:34:438: 

2021-03-17 08:58:34:493: 

2021-03-17 08:58:34:552: 

2021-03-17 08:58:34:610: AA 55 05 50 9A 99 DC 42 0A E6 CC 33 C3 3C AA 55 05 58 67 66 BA 41 F6 6D CC 33 C3 3C AA 55 05 5A 00 00 00 00 0D 58 CC 33 C3 3C AA 55 05 52 33 33 CF 41 47 D3 CC 33 C3 3C AA 55 05 51 67 66 D2 41 37 9E CC 33 C3 3C AA 55 05 53 00 00 00 40 FC 85 CC 33 C3 3C AA 55 05 59 00 00 00 00 0D 1C CC 33 C3 3C AA 55 05 6D 67 66 E6 BF 72 59 CC 33 C3 3C AA 55 05 6F 00 00 00 00 09 D4 CC 33 C3 3C AA 55 05 67 00 00 D0 41 38 A8 CC 33 C3 3C AA 55 05 72 67 66 D2 41 F0 5B CC 33 C3 3C AA 55 05 68 00 F0 7F 45 39 80 CC 33 C3 3C AA 55 05 6E 00 00 00 00 C9 E9 CC 33 C3 3C AA 55 05 5C 00 00 80 40 3D B0 CC 33 C3 3C AA 55 05 71 00 00 80 40 3B 1C CC 33 C3 3C AA 55 05 98 00 00 00 00 DC 21 CC 33 C3 3C AA 55 05 99 00 00 00 00 1C 1C CC 33 C3 3C AA 55 05 5B 00 C0 78 45 02 86 CC 33 C3 3C AA 55 05 70 00 F0 7F 45 3B A0 CC 33 C3 3C

2021-03-17 08:58:34:743: 

2021-03-17 08:58:34:799: 

2021-03-17 08:58:34:857: 

2021-03-17 08:58:34:914: AA 55 05 80 04 2E FA 4A B0 A3 CC 33 C3 3C AA 55 05 50 9A 99 DC 42 0A E6 CC 33 C3 3C AA 55 05 58 67 66 BA 41 F6 6D CC 33 C3 3C AA 55 05 5A 00 00 00 00 0D 58 CC 33 C3

2021-03-17 08:58:34:981: 

2021-03-17 08:58:35:041: 

2021-03-17 08:58:35:097: 

2021-03-17 08:58:35:154: 3C AA 55 05 52 33 33 CF 41 47 D3 CC 33 C3 3C AA 55 05 51 67 66 D2 41 37 9E CC 33 C3 3C AA 55 05 53 00 00 00 40 FC 85 CC 33 C3 3C AA 55 05 59 00 00 00 00 0D 1C CC 33 C3 3C AA 55 05 6D 67 66 E6 BF 72 59 CC 33 C3 3C AA 55 05 6F 00 00 00 00 09 D4 CC 33 C3 3C AA 55 05 67 00 00 D0 41 38 A8 CC 33 C3 3C AA 55 05 72 67 66 D2 41 F0 5B CC 33 C3 3C AA 55 05 68 00 F0 7F 45 39 80 CC 33 C3 3C AA 55 05 6E 00 00 00 00 C9 E9 CC 33 C3 3C AA 55 05 5C 00 00 80 40 3D B0 CC 33 C3 3C AA 55 05 71 00 00 80 40 3B 1C CC 33 C3 3C AA 55 05 98 00 00 00 00 DC 21 CC 33 C3 3C AA 55 05 99 00 00 00 00 1C 1C CC 33 C3 3C AA 55 05 5B 00 B0 78 45 D9 87 CC 33 C3 3C AA 55 05 70 00 F0 7F 45 3B A0 CC 33 C3 3C

2021-03-17 08:58:35:266: 

2021-03-17 08:58:35:322: 

2021-03-17 08:58:35:377: 

2021-03-17 08:58:35:435: AA 55 05 80 48 2E FA 4A 20 B5 CC 33 C3 3C AA 55 05 50 9A 99 DC 42 0A E6 CC 33 C3 3C AA 55 05

2021-03-17 08:58:35:500: 

2021-03-17 08:58:35:559: 

2021-03-17 08:58:35:620: 

2021-03-17 08:58:35:679: 58 67 66 BA 41 F6 6D CC 33 C3 3C AA 55 05 5A 00 00 00 00 0D 58 CC 33 C3 3C AA 55 05 52 33 33 CF 41 47 D3 CC 33 C3 3C AA 55 05 51 67 66 D2 41 37 9E CC 33 C3 3C AA 55 05 53 00 00 00 40 FC 85 CC 33 C3 3C AA 55 05 59 00 00 00 00 0D 1C CC 33 C3 3C AA 55 05 6D 67 66 E6 BF 72 59 CC 33 C3 3C AA 55 05 6F 00 00 00 00 09 D4 CC 33 C3 3C AA 55 05 67 00 00 D0 41 38 A8 CC 33 C3 3C AA 55 05 72 67 66 D2 41 F0 5B CC 33 C3 3C AA 55 05 68 00 F0 7F 45 39 80 CC 33 C3 3C AA 55 05 6E 00 00 00 00 C9 E9 CC 33 C3 3C AA 55 05 5C 00 00 80 40 3D B0 CC 33 C3 3C AA 55 05 71 00 00 80 40 3B 1C CC 33 C3 3C AA 55 05 98 00 00 00 00 DC 21 CC 33 C3 3C AA 55 05 99 00 00 00 00 1C 1C CC 33 C3 3C AA 55 05 5B 00 C0 78 45 02 86 CC 33 C3 3C AA 55 05 70 00 F0 7F 45 3B A0 CC 33 C3 3C

2021-03-17 08:58:35:798: 

2021-03-17 08:58:35:858: 

2021-03-17 08:58:35:919: 

2021-03-17 08:58:35:975: AA 55 05 80 8C 2E FA 4A 10 88 CC 33 C3 3C AA 55 05 50 9A 99 DC 42 0A E6 CC 33 C3 3C AA 55 05 58 67 66 BA 41 F6 6D CC 33 C3 3C AA 55 05 5A 00 00 00 00 0D 58 CC 33 C3 3C AA 55 05 52 33 33 CF 41 47 D3 CC 33 C3 3C AA 55 05 51 67 66 D2 41 37 9E CC 33 C3 3C AA 55 05 53 00 00 00 40 FC 85 CC 33 C3 3C AA 55 05 59 00 00 00 00 0D 1C CC 33 C3 3C AA 55 05 6D 67 66 E6 BF 72 59 CC 33 C3 3C AA 55 05 6F 00 00 00 00 09 D4 CC 33 C3 3C AA 55 05 67 00 00 D0 41 38 A8 CC 33 C3 3C AA 55 05 72 67 66 D2 41 F0 5B CC 33 C3 3C AA 55 05 68 00 F0 7F 45 39 80 CC 33 C3 3C AA 55 05 6E 00 00 00 00 C9 E9 CC 33 C3 3C AA 55 05 5C 00 00 80 40 3D B0 CC 33 C3 3C AA 55 05 71 00 00 80 40 3B 1C CC 33 C3 3C AA 55 05 98 00 00 00 00 DC 21 CC 33 C3 3C AA 55 05 99 00 00 00 00 1C 1C CC 33 C3 3C AA 55 05 5B 00 B0 78 45 D9 87 CC 33 C3 3C AA 55 05 70 00 F0 7F 45 3B A0 CC 33 C3 3C

2021-03-17 08:58:36:096: 

2021-03-17 08:58:36:154: 

2021-03-17 08:58:36:209: 

2021-03-17 08:58:36:269: AA 55 05 80 D0 2E FA 4A 40 9A CC 33 C3 3C AA 55 05 50 9A 99 DC 42 0A E6 CC 33 C3 3C AA 55 05 58 67 66 BA 41 F6 6D CC 33 C3 3C AA 55 05 5A 00 00 00

2021-03-17 08:58:36:339: 

2021-03-17 08:58:36:395: 

2021-03-17 08:58:36:457: 

2021-03-17 08:58:36:513: 00 0D 58 CC 33 C3 3C AA 55 05 52 33 33 CF 41 47 D3 CC 33 C3 3C AA 55 05 51 67 66 D2 41 37 9E CC 33 C3 3C AA 55 05 53 00 00 00 40 FC 85 CC 33 C3 3C AA 55 05 59 00 00 00 00 0D 1C CC 33 C3 3C AA 55 05 6D 67 66 E6 BF 72 59 CC 33 C3 3C AA 55 05 6F 00 00 00 00 09 D4 CC 33 C3 3C AA 55 05 67 00 00 D0 41 38 A8 CC 33 C3 3C AA 55 05 72 67 66 D2 41 F0 5B CC 33 C3 3C AA 55 05 68 00 F0 7F 45 39 80 CC 33 C3 3C AA 55 05 6E 00 00 00 00 C9 E9 CC 33 C3 3C AA 55 05 5C 00 00 80 40 3D B0 CC 33 C3 3C AA 55 05 71 00 00 80 40 3B 1C CC 33 C3 3C AA 55 05 98 00 00 00 00 DC 21 CC 33 C3 3C AA 55 05 99 00 00 00 00 1C 1C CC 33 C3 3C AA 55 05 5B 00 C0 78 45 02 86 CC 33 C3 3C AA 55 05 70 00 F0 7F 45 3B A0 CC 33 C3 3C

2021-03-17 08:58:36:625: 

2021-03-17 08:58:36:685: 

2021-03-17 08:58:36:741: 

2021-03-17 08:58:36:800: AA 55 05 80 14 2F FA 4A B0 F6 CC 33 C3 3C AA 55 05 50 9A 99 DC 42 0A E6 CC 33

2021-03-17 08:58:36:862: 

2021-03-17 08:58:36:921: 

2021-03-17 08:58:36:979: 

2021-03-17 08:58:37:038: C3 3C AA 55 05 58 9A 99 B9 41 9A 6C CC 33 C3 3C AA 55 05 5A 00 00 00 00 0D 58 CC 33 C3 3C AA 55 05 52 33 33 CF 41 47 D3 CC 33 C3 3C AA 55 05 51 67 66 D2 41 37 9E CC 33 C3 3C AA 55 05 53 00 00 00 40 FC 85 CC 33 C3 3C AA 55 05 59 00 00 00 00 0D 1C CC 33 C3 3C AA 55 05 6D 67 66 E6 BF 72 59 CC 33 C3 3C AA 55 05 6F 00 00 00 00 09 D4 CC 33 C3 3C AA 55 05 67 00 00 D0 41 38 A8 CC 33 C3 3C AA 55 05 72 67 66 D2 41 F0 5B CC 33 C3 3C AA 55 05 68 00 F0 7F 45 39 80 CC 33 C3 3C AA 55 05 6E 00 00 00 00 C9 E9 CC 33 C3 3C AA 55 05 5C 00 00 80 40 3D B0 CC 33 C3 3C AA 55 05 71 00 00 80 40 3B 1C CC 33 C3 3C AA 55 05 98 00 00 00 00 DC 21 CC 33 C3 3C AA 55 05 99 00 00 00 00 1C 1C CC 33 C3 3C AA 55 05 5B 00 C0 78 45 02 86 CC 33 C3 3C AA 55 05 70 00 F0 7F 45 3B A0 CC 33 C3 3C

2021-03-17 08:58:37:163: 

2021-03-17 08:58:37:221: 

2021-03-17 08:58:37:279: 

2021-03-17 08:58:37:337: AA 55 05 80 58 2F FA 4A 20 E0 CC 33 C3 3C AA 55 05 50 9A 99 DC 42 0A E6 CC 33 C3 3C AA 55 05 58 9A 99 B9 41 9A 6C CC 33 C3 3C AA 55 05 5A 00 00 00 00 0D 58 CC 33 C3 3C AA 55 05 52 33 33 CF 41 47 D3 CC 33 C3 3C AA 55 05 51 67 66 D2 41 37 9E CC 33 C3 3C AA 55 05 53 00 00 00 40 FC 85 CC 33 C3 3C AA 55 05 59 00 00 00 00 0D 1C CC 33 C3 3C AA 55 05 6D 67 66 E6 BF 72 59 CC 33 C3 3C AA 55 05 6F 00 00 00 00 09 D4 CC 33 C3 3C AA 55 05 67 00 00 D0 41 38 A8 CC 33 C3 3C AA 55 05 72 67 66 D2 41 F0 5B CC 33 C3 3C AA 55 05 68 00 F0 7F 45 39 80 CC 33 C3 3C AA 55 05 6E 00 00 00 00 C9 E9 CC 33 C3 3C AA 55 05 5C 00 00 80 40 3D B0 CC 33 C3 3C AA 55 05 71 00 00 80 40 3B 1C CC 33 C3 3C AA 55 05 98 00 00 00 00 DC 21 CC 33 C3 3C AA 55 05 99 00 00 00 00 1C 1C CC 33 C3 3C AA 55 05 5B 00 B0 78 45 D9 87 CC 33 C3 3C AA 55 05 70 00 F0 7F 45 3B A0 CC 33 C3 3C

2021-03-17 08:58:37:460: 

2021-03-17 08:58:37:520: 

2021-03-17 08:58:37:579: 

2021-03-17 08:58:37:636: AA 55 05 80 9C 2F FA 4A 10 DD CC 33 C3 3C AA 55 05 50 9A 99 DC 42 0A E6 CC 33 C3 3C AA 55 05 58 67 66 BA 41 F6 6D CC 33 C3 3C AA

2021-03-17 08:58:37:705: 

2021-03-17 08:58:37:766: 

2021-03-17 08:58:37:825: 

2021-03-17 08:58:37:883: 55 05 5A 00 00 00 00 0D 58 CC 33 C3 3C AA 55 05 52 33 33 CF 41 47 D3 CC 33 C3 3C AA 55 05 51 67 66 D2 41 37 9E CC 33 C3 3C AA 55 05 53 00 00 00 40 FC 85 CC 33 C3 3C AA 55 05 59 00 00 00 00 0D 1C CC 33 C3 3C AA 55 05 6D 67 66 E6 BF 72 59 CC 33 C3 3C AA 55 05 6F 00 00 00 00 09 D4 CC 33 C3 3C AA 55 05 67 00 00 D0 41 38 A8 CC 33 C3 3C AA 55 05 72 67 66 D2 41 F0 5B CC 33 C3 3C AA 55 05 68 00 F0 7F 45 39 80 CC 33 C3 3C AA 55 05 6E 00 00 00 00 C9 E9 CC 33 C3 3C AA 55 05 5C 00 00 80 40 3D B0 CC 33 C3 3C AA 55 05 71 00 00 80 40 3B 1C CC 33 C3 3C AA 55 05 98 00 00 00 00 DC 21 CC 33 C3 3C AA 55 05 99 00 00 00 00 1C 1C CC 33 C3 3C AA 55 05 5B 00 C0 78 45 02 86 CC 33 C3 3C AA 55 05 70 00 F0 7F 45 3B A0 CC 33 C3 3C

2021-03-17 08:58:37:999: 

2021-03-17 08:58:38:055: 

2021-03-17 08:58:38:116: 

2021-03-17 08:58:38:177: AA 55 05 80 E0 2F FA 4A 80 C4 CC 33 C3 3C AA 55 05 50 9A 99

2021-03-17 08:58:38:240: 

2021-03-17 08:58:38:299: 

2021-03-17 08:58:38:360: 

2021-03-17 08:58:38:419: DC 42 0A E6 CC 33 C3 3C AA 55 05 58 67 66 BA 41 F6 6D CC 33 C3 3C AA 55 05 5A 00 00 00 00 0D 58 CC 33 C3 3C AA 55 05 52 33 33 CF 41 47 D3 CC 33 C3 3C AA 55 05 51 67 66 D2 41 37 9E CC 33 C3 3C AA 55 05 53 00 00 00 40 FC 85 CC 33 C3 3C AA 55 05 59 00 00 00 00 0D 1C CC 33 C3 3C AA 55 05 6D 67 66 E6 BF 72 59 CC 33 C3 3C AA 55 05 6F 00 00 00 00 09 D4 CC 33 C3 3C AA 55 05 67 00 00 D0 41 38 A8 CC 33 C3 3C AA 55 05 72 67 66 D2 41 F0 5B CC 33 C3 3C AA 55 05 68 00 F0 7F 45 39 80 CC 33 C3 3C AA 55 05 6E 00 00 00 00 C9 E9 CC 33 C3 3C AA 55 05 5C 00 00 80 40 3D B0 CC 33 C3 3C AA 55 05 71 00 00 80 40 3B 1C CC 33 C3 3C AA 55 05 98 00 00 00 00 DC 21 CC 33 C3 3C AA 55 05 99 00 00 00 00 1C 1C CC 33 C3 3C AA 55 05 5B 00 C0 78 45 02 86 CC 33 C3 3C AA 55 05 70 00 F0 7F 45 3B A0 CC 33 C3 3C

2021-03-17 08:58:38:539: 

2021-03-17 08:58:38:606: 

2021-03-17 08:58:38:664: 

2021-03-17 08:58:38:724: AA 55 05 80 24 30 FA 4A 76 C8 CC 33 C3 3C AA 55 05 50 9A 99 DC 42 0A E6 CC 33 C3 3C AA 55 05 58 67 66 BA 41 F6 6D CC 33 C3 3C AA 55 05 5A 00 00 00 00 0D 58 CC 33 C3 3C AA 55 05 52 33

2021-03-17 08:58:38:800: 

2021-03-17 08:58:38:859: 

2021-03-17 08:58:38:920: 

2021-03-17 08:58:38:980: 33 CF 41 47 D3 CC 33 C3 3C AA 55 05 51 67 66 D2 41 37 9E CC 33 C3 3C AA 55 05 53 00 00 00 40 FC 85 CC 33 C3 3C AA 55 05 59 00 00 00 00 0D 1C CC 33 C3 3C AA 55 05 6D 67 66 E6 BF 72 59 CC 33 C3 3C AA 55 05 6F 00 00 00 00 09 D4 CC 33 C3 3C AA 55 05 67 00 00 D0 41 38 A8 CC 33 C3 3C AA 55 05 72 67 66 D2 41 F0 5B CC 33 C3 3C AA 55 05 68 00 F0 7F 45 39 80 CC 33 C3 3C AA 55 05 6E 00 00 00 00 C9 E9 CC 33 C3 3C AA 55 05 5C 00 00 80 40 3D B0 CC 33 C3 3C AA 55 05 71 00 00 80 40 3B 1C CC 33 C3 3C AA 55 05 98 00 00 00 00 DC 21 CC 33 C3 3C AA 55 05 99 00 00 00 00 1C 1C CC 33 C3 3C AA 55 05 5B 00 C0 78 45 02 86 CC 33 C3 3C AA 55 05 70 00 F0 7F 45 3B A0 CC 33 C3 3C

2021-03-17 08:58:39:090: 

2021-03-17 08:58:39:149: 

2021-03-17 08:58:39:210: 

2021-03-17 08:58:39:268: AA 55 05 80 68 30 FA 4A E6 DE CC 33 C3 3C AA 55 05 50 9A 99 DC 42 0A E6 CC 33 C3 3C AA 55 05 58 67 66 BA 41 F6

2021-03-17 08:58:39:337: 

2021-03-17 08:58:39:398: 

2021-03-17 08:58:39:457: 

2021-03-17 08:58:39:516: 6D CC 33 C3 3C AA 55 05 5A 00 00 00 00 0D 58 CC 33 C3 3C AA 55 05 52 33 33 CF 41 47 D3 CC 33 C3 3C AA 55 05 51 67 66 D2 41 37 9E CC 33 C3 3C AA 55 05 53 00 00 00 40 FC 85 CC 33 C3 3C AA 55 05 59 00 00 00 00 0D 1C CC 33 C3 3C AA 55 05 6D 67 66 E6 BF 72 59 CC 33 C3 3C AA 55 05 6F 00 00 00 00 09 D4 CC 33 C3 3C AA 55 05 67 00 00 D0 41 38 A8 CC 33 C3 3C AA 55 05 72 67 66 D2 41 F0 5B CC 33 C3 3C AA 55 05 68 00 F0 7F 45 39 80 CC 33 C3 3C AA 55 05 6E 00 00 00 00 C9 E9 CC 33 C3 3C AA 55 05 5C 00 00 80 40 3D B0 CC 33 C3 3C AA 55 05 71 00 00 80 40 3B 1C CC 33 C3 3C AA 55 05 98 00 00 00 00 DC 21 CC 33 C3 3C AA 55 05 99 00 00 00 00 1C 1C CC 33 C3 3C AA 55 05 5B 00 C0 78 45 02 86 CC 33 C3 3C AA 55 05 70 00 F0 7F 45 3B A0 CC 33 C3 3C

2021-03-17 08:58:39:636: 

2021-03-17 08:58:39:697: 

2021-03-17 08:58:39:756: 

2021-03-17 08:58:39:817: AA 55 05 80 AC 30 FA 4A D6 E3 CC 33 C3 3C AA

2021-03-17 08:58:39:878: 

2021-03-17 08:58:39:937: 

2021-03-17 08:58:40:005: 

2021-03-17 08:58:40:064: 55 05 50 9A 99 DC 42 0A E6 CC 33 C3 3C AA 55 05 58 67 66 BA 41 F6 6D CC 33 C3 3C AA 55 05 5A 00 00 00 00 0D 58 CC 33 C3 3C AA 55 05 52 33 33 CF 41 47 D3 CC 33 C3 3C AA 55 05 51 67 66 D2 41 37 9E CC 33 C3 3C AA 55 05 53 00 00 00 40 FC 85 CC 33 C3 3C AA 55 05 59 00 00 00 00 0D 1C CC 33 C3 3C AA 55 05 6D 67 66 E6 BF 72 59 CC 33 C3 3C AA 55 05 6F 00 00 00 00 09 D4 CC 33 C3 3C AA 55 05 67 00 00 D0 41 38 A8 CC 33 C3 3C AA 55 05 72 67 66 D2 41 F0 5B CC 33 C3 3C AA 55 05 68 00 F0 7F 45 39 80 CC 33 C3 3C AA 55 05 6E 00 00 00 00 C9 E9 CC 33 C3 3C AA 55 05 5C 00 00 80 40 3D B0 CC 33 C3 3C AA 55 05 71 00 00 80 40 3B 1C CC 33 C3 3C AA 55 05 98 00 00 00 00 DC 21 CC 33 C3 3C AA 55 05 99 00 00 00 00 1C 1C CC 33 C3 3C AA 55 05 5B 00 B0 78 45 D9 87 CC 33 C3 3C AA 55 05 70 00 F0 7F 45 3B A0 CC 33 C3 3C

2021-03-17 08:58:40:187: 

2021-03-17 08:58:40:247: 

2021-03-17 08:58:40:305: 

2021-03-17 08:58:40:365: AA 55 05 80 F0 30 FA 4A 86 F1 CC 33 C3 3C AA 55 05 50 9A 99 DC 42 0A E6 CC 33 C3 3C AA 55 05 58 67 66 BA 41 F6 6D CC 33 C3 3C AA 55 05 5A 00 00 00 00 0D 58 CC 33 C3

2021-03-17 08:58:40:440: 

2021-03-17 08:58:40:500: 

2021-03-17 08:58:40:562: 

2021-03-17 08:58:40:626: 3C AA 55 05 52 33 33 CF 41 47 D3 CC 33 C3 3C AA 55 05 51 67 66 D2 41 37 9E CC 33 C3 3C AA 55 05 53 00 00 00 40 FC 85 CC 33 C3 3C AA 55 05 59 00 00 00 00 0D 1C CC 33 C3 3C AA 55 05 6D 67 66 E6 BF 72 59 CC 33 C3 3C AA 55 05 6F 00 00 00 00 09 D4 CC 33 C3 3C AA 55 05 67 00 00 D0 41 38 A8 CC 33 C3 3C AA 55 05 72 67 66 D2 41 F0 5B CC 33 C3 3C AA 55 05 68 00 F0 7F 45 39 80 CC 33 C3 3C AA 55 05 6E 00 00 00 00 C9 E9 CC 33 C3 3C AA 55 05 5C 00 00 80 40 3D B0 CC 33 C3 3C AA 55 05 71 00 00 80 40 3B 1C CC 33 C3 3C AA 55 05 98 00 00 00 00 DC 21 CC 33 C3 3C AA 55 05 99 00 00 00 00 1C 1C CC 33 C3 3C AA 55 05 5B 00 C0 78 45 02 86 CC 33 C3 3C AA 55 05 70 00 F0 7F 45 3B A0 CC 33 C3 3C

2021-03-17 08:58:40:742: 

2021-03-17 08:58:40:805: 

2021-03-17 08:58:40:865: 

2021-03-17 08:58:40:928: AA 55 05 80 34 31 FA 4A 76 9D CC 33 C3 3C AA 55 05 50 9A 99 DC 42 0A E6 CC 33 C3 3C AA 55 05 58

2021-03-17 08:58:41:001: 

2021-03-17 08:58:41:063: 

2021-03-17 08:58:41:128: 

2021-03-17 08:58:41:193: 67 66 BA 41 F6 6D CC 33 C3 3C AA 55 05 5A 00 00 00 00 0D 58 CC 33 C3 3C AA 55 05 52 33 33 CF 41 47 D3 CC 33 C3 3C AA 55 05 51 67 66 D2 41 37 9E CC 33 C3 3C AA 55 05 53 00 00 00 40 FC 85 CC 33 C3 3C AA 55 05 59 00 00 00 00 0D 1C CC 33 C3 3C AA 55 05 6D 67 66 E6 BF 72 59 CC 33 C3 3C AA 55 05 6F 00 00 00 00 09 D4 CC 33 C3 3C AA 55 05 67 00 00 D0 41 38 A8 CC 33 C3 3C AA 55 05 72 67 66 D2 41 F0 5B CC 33 C3 3C AA 55 05 68 00 F0 7F 45 39 80 CC 33 C3 3C AA 55 05 6E 00 00 00 00 C9 E9 CC 33 C3 3C AA 55 05 5C 00 00 80 40 3D B0 CC 33 C3 3C AA 55 05 71 00 00 80 40 3B 1C CC 33 C3 3C AA 55 05 98 00 00 00 00 DC 21 CC 33 C3 3C AA 55 05 99 00 00 00 00 1C 1C CC 33 C3 3C AA 55 05 5B 00 C0 78 45 02 86 CC 33 C3 3C AA 55 05 70 00 F0 7F 45 3B A0 CC 33 C3 3C

2021-03-17 08:58:41:319: 

2021-03-17 08:58:41:382: 

2021-03-17 08:58:41:447: 

2021-03-17 08:58:41:508: AA 55 05 80 78 31 FA 4A E6 8B CC 33 C3 3C AA 55 05 50 9A 99 DC 42 0A E6 CC 33 C3 3C AA 55 05 58 67 66 BA 41 F6 6D CC 33 C3 3C AA 55 05 5A 00 00 00 00 0D 58 CC 33 C3 3C AA 55 05 52 33 33 CF 41 47 D3 CC 33 C3 3C AA 55 05 51 67 66 D2 41 37 9E CC 33 C3 3C AA 55 05 53 00 00 00 40 FC 85 CC 33 C3 3C AA 55 05 59 00 00 00 00 0D 1C CC 33 C3 3C AA 55 05 6D 67 66 E6 BF 72 59 CC 33 C3 3C AA 55 05 6F 00 00 00 00 09 D4 CC 33 C3 3C AA 55 05 67 00 00 D0 41 38 A8 CC 33 C3 3C AA 55 05 72 67 66 D2 41 F0 5B CC 33 C3 3C AA 55 05 68 00 F0 7F 45 39 80 CC 33 C3 3C AA 55 05 6E 00 00 00 00 C9 E9 CC 33 C3 3C AA 55 05 5C 00 00 80 40 3D B0 CC 33 C3 3C AA 55 05 71 00 00 80 40 3B 1C CC 33 C3 3C AA 55 05 98 00 00 00 00 DC 21 CC 33 C3 3C AA 55 05 99 00 00 00 00 1C 1C CC 33 C3 3C AA 55 05 5B 00 B0 78 45 D9 87 CC 33 C3 3C AA 55 05 70 00 F0 7F 45 3B A0 CC 33 C3 3C

2021-03-17 08:58:41:658: 

2021-03-17 08:58:41:724: 

2021-03-17 08:58:41:788: 

2021-03-17 08:58:41:847: AA 55 05 80 BC 31 FA 4A D6 B6 CC 33 C3 3C AA 55 05 50 9A 99 DC 42 0A E6 CC 33 C3 3C AA 55 05 58 67 66 BA 41 F6 6D CC 33 C3 3C AA 55 05 5A 00 00 00

2021-03-17 08:58:41:920: 

2021-03-17 08:58:41:980: 

2021-03-17 08:58:42:044: 

2021-03-17 08:58:42:105: 00 0D 58 CC 33 C3 3C AA 55 05 52 33 33 CF 41 47 D3 CC 33 C3 3C AA 55 05 51 67 66 D2 41 37 9E CC 33 C3 3C AA 55 05 53 00 00 00 40 FC 85 CC 33 C3 3C AA 55 05 59 00 00 00 00 0D 1C CC 33 C3 3C AA 55 05 6D 67 66 E6 BF 72 59 CC 33 C3 3C AA 55 05 6F 00 00 00 00 09 D4 CC 33 C3 3C AA 55 05 67 00 00 D0 41 38 A8 CC 33 C3 3C AA 55 05 72 67 66 D2 41 F0 5B CC 33 C3 3C AA 55 05 68 00 F0 7F 45 39 80 CC 33 C3 3C AA 55 05 6E 00 00 00 00 C9 E9 CC 33 C3 3C AA 55 05 5C 00 00 80 40 3D B0 CC 33 C3 3C AA 55 05 71 00 00 80 40 3B 1C CC 33 C3 3C AA 55 05 98 00 00 00 00 DC 21 CC 33 C3 3C AA 55 05 99 00 00 00 00 1C 1C CC 33 C3 3C AA 55 05 5B 00 B0 78 45 D9 87 CC 33 C3 3C AA 55 05 70 00 F0 7F 45 3B A0 CC 33 C3 3C

2021-03-17 08:58:42:227: 

2021-03-17 08:58:42:287: 

2021-03-17 08:58:42:349: 

2021-03-17 08:58:42:412: AA 55 05 80 00 32 FA 4A 46 63 CC 33 C3 3C AA 55 05 50 9A 99 DC 42 0A E6 CC 33

2021-03-17 08:58:42:482: 

2021-03-17 08:58:42:546: 

2021-03-17 08:58:42:607: 

2021-03-17 08:58:42:671: C3 3C AA 55 05 58 67 66 BA 41 F6 6D CC 33 C3 3C AA 55 05 5A 00 00 00 00 0D 58 CC 33 C3 3C AA 55 05 52 33 33 CF 41 47 D3 CC 33 C3 3C AA 55 05 51 67 66 D2 41 37 9E CC 33 C3 3C AA 55 05 53 00 00 00 40 FC 85 CC 33 C3 3C AA 55 05 59 00 00 00 00 0D 1C CC 33 C3 3C AA 55 05 6D 67 66 E6 BF 72 59 CC 33 C3 3C AA 55 05 6F 00 00 00 00 09 D4 CC 33 C3 3C AA 55 05 67 00 00 D0 41 38 A8 CC 33 C3 3C AA 55 05 72 67 66 D2 41 F0 5B CC 33 C3 3C AA 55 05 68 00 F0 7F 45 39 80 CC 33 C3 3C AA 55 05 6E 00 00 00 00 C9 E9 CC 33 C3 3C AA 55 05 5C 00 00 80 40 3D B0 CC 33 C3 3C AA 55 05 71 00 00 80 40 3B 1C CC 33 C3 3C AA 55 05 98 00 00 00 00 DC 21 CC 33 C3 3C AA 55 05 99 00 00 00 00 1C 1C CC 33 C3 3C AA 55 05 5B 00 B0 78 45 D9 87 CC 33 C3 3C AA 55 05 70 00 F0 7F 45 3B A0 CC 33 C3 3C

2021-03-17 08:58:42:802: 

2021-03-17 08:58:42:866: 

2021-03-17 08:58:42:927: 

2021-03-17 08:58:42:988: AA 55 05 80 44 32 FA 4A B6 77 CC 33 C3 3C AA 55 05 50 9A 99 DC 42 0A E6 CC 33 C3 3C AA 55 05 58 67 66 BA 41 F6 6D CC 33 C3 3C AA 55 05 5A 00 00 00 00 0D 58 CC 33 C3 3C AA 55 05 52 33 33 CF 41 47 D3 CC 33 C3 3C AA 55 05 51 67 66 D2 41 37 9E CC 33 C3 3C AA 55 05 53 00 00 00 40 FC 85 CC 33 C3 3C AA 55 05 59 00 00 00 00 0D 1C CC 33 C3 3C AA 55 05 6D 67 66 E6 BF 72 59 CC 33 C3 3C AA 55 05 6F 00 00 00 00 09 D4 CC 33 C3 3C AA 55 05 67 00 00 D0 41 38 A8 CC 33 C3 3C AA 55 05 72 67 66 D2 41 F0 5B CC 33 C3 3C AA 55 05 68 00 F0 7F 45 39 80 CC 33 C3 3C AA 55 05 6E 00 00 00 00 C9 E9 CC 33 C3 3C AA 55 05 5C 00 00 80 40 3D B0 CC 33 C3 3C AA 55 05 71 00 00 80 40 3B 1C CC 33 C3 3C AA 55 05 98 00 00 00 00 DC 21 CC 33 C3 3C AA 55 05 99 00 00 00 00 1C 1C CC 33 C3 3C AA 55 05 5B 00 C0 78 45 02 86 CC 33 C3 3C AA 55 05 70 00 F0 7F 45 3B A0 CC 33 C3 3C

2021-03-17 08:58:43:118: 

2021-03-17 08:58:43:179: 

2021-03-17 08:58:43:241: 

2021-03-17 08:58:43:305: AA 55 05 80 88 32 FA 4A E6 48 CC 33 C3 3C AA 55 05 50 9A 99 DC 42 0A E6 CC 33 C3 3C AA 55 05 58 67 66 BA 41 F6 6D CC 33 C3 3C AA 55

2021-03-17 08:58:43:378: 

2021-03-17 08:58:43:446: 

2021-03-17 08:58:43:507: 

2021-03-17 08:58:43:572: 05 5A 00 00 00 00 0D 58 CC 33 C3 3C AA 55 05 52 33 33 CF 41 47 D3 CC 33 C3 3C AA 55 05 51 67 66 D2 41 37 9E CC 33 C3 3C AA 55 05 53 00 00 00 40 FC 85 CC 33 C3 3C AA 55 05 59 00 00 00 00 0D 1C CC 33 C3 3C AA 55 05 6D 67 66 E6 BF 72 59 CC 33 C3 3C AA 55 05 6F 00 00 00 00 09 D4 CC 33 C3 3C AA 55 05 67 00 00 D0 41 38 A8 CC 33 C3 3C AA 55 05 72 67 66 D2 41 F0 5B CC 33 C3 3C AA 55 05 68 00 F0 7F 45 39 80 CC 33 C3 3C AA 55 05 6E 00 00 00 00 C9 E9 CC 33 C3 3C AA 55 05 5C 00 00 80 40 3D B0 CC 33 C3 3C AA 55 05 71 00 00 80 40 3B 1C CC 33 C3 3C AA 55 05 98 00 00 00 00 DC 21 CC 33 C3 3C AA 55 05 99 00 00 00 00 1C 1C CC 33 C3 3C AA 55 05 5B 00 C0 78 45 02 86 CC 33 C3 3C AA 55 05 70 00 F0 7F 45 3B A0 CC 33 C3 3C

2021-03-17 08:58:43:696: 

2021-03-17 08:58:43:757: 

2021-03-17 08:58:43:824: 

2021-03-17 08:58:43:888: AA 55 05 80 CC 32 FA 4A 16 5C CC 33 C3 3C AA 55 05 50 9A 99 DC

2021-03-17 08:58:43:957: 

2021-03-17 08:58:44:020: 

2021-03-17 08:58:44:085: 

2021-03-17 08:58:44:148: 42 0A E6 CC 33 C3 3C AA 55 05 58 67 66 BA 41 F6 6D CC 33 C3 3C AA 55 05 5A 00 00 00 00 0D 58 CC 33 C3 3C AA 55 05 52 33 33 CF 41 47 D3 CC 33 C3 3C AA 55 05 51 67 66 D2 41 37 9E CC 33 C3 3C AA 55 05 53 00 00 00 40 FC 85 CC 33 C3 3C AA 55 05 59 00 00 00 00 0D 1C CC 33 C3 3C AA 55 05 6D 67 66 E6 BF 72 59 CC 33 C3 3C AA 55 05 6F 00 00 00 00 09 D4 CC 33 C3 3C AA 55 05 67 00 00 D0 41 38 A8 CC 33 C3 3C AA 55 05 72 67 66 D2 41 F0 5B CC 33 C3 3C AA 55 05 68 00 F0 7F 45 39 80 CC 33 C3 3C AA 55 05 6E 00 00 00 00 C9 E9 CC 33 C3 3C AA 55 05 5C 00 00 80 40 3D B0 CC 33 C3 3C AA 55 05 71 00 00 80 40 3B 1C CC 33 C3 3C AA 55 05 98 00 00 00 00 DC 21 CC 33 C3 3C AA 55 05 99 00 00 00 00 1C 1C CC 33 C3 3C AA 55 05 5B 00 C0 78 45 02 86 CC 33 C3 3C AA 55 05 70 00 F0 7F 45 3B A0 CC 33 C3 3C

2021-03-17 08:58:44:281: 

2021-03-17 08:58:44:345: 

2021-03-17 08:58:44:408: 

2021-03-17 08:58:44:494: AA 55 05 80 10 33 FA 4A 46 36 CC 33 C3 3C AA 55 05 50 9A 99 DC 42 0A E6 CC 33 C3 3C AA 55 05 58 67 66 BA 41 F6 6D CC 33 C3 3C AA 55 05 5A 00 00 00 00 0D 58 CC 33 C3 3C AA 55 05 52 33

2021-03-17 08:58:44:573: 

2021-03-17 08:58:44:638: 

2021-03-17 08:58:44:701: 

2021-03-17 08:58:44:765: 33 CF 41 47 D3 CC 33 C3 3C AA 55 05 51 67 66 D2 41 37 9E CC 33 C3 3C AA 55 05 53 00 00 00 40 FC 85 CC 33 C3 3C AA 55 05 59 00 00 00 00 0D 1C CC 33 C3 3C AA 55 05 6D 67 66 E6 BF 72 59 CC 33 C3 3C AA 55 05 6F 00 00 00 00 09 D4 CC 33 C3 3C AA 55 05 67 00 00 D0 41 38 A8 CC 33 C3 3C AA 55 05 72 67 66 D2 41 F0 5B CC 33 C3 3C AA 55 05 68 00 F0 7F 45 39 80 CC 33 C3 3C AA 55 05 6E 00 00 00 00 C9 E9 CC 33 C3 3C AA 55 05 5C 00 00 80 40 3D B0 CC 33 C3 3C AA 55 05 71 00 00 80 40 3B 1C CC 33 C3 3C AA 55 05 98 00 00 00 00 DC 21 CC 33 C3 3C AA 55 05 99 00 00 00 00 1C 1C CC 33 C3 3C AA 55 05 5B 00 C0 78 45 02 86 CC 33 C3 3C AA 55 05 70 00 F0 7F 45 3B A0 CC 33 C3 3C

2021-03-17 08:58:44:887: 

2021-03-17 08:58:44:948: 

2021-03-17 08:58:45:011: 

2021-03-17 08:58:45:077: AA 55 05 80 54 33 FA 4A B6 22 CC 33 C3 3C AA 55 05 50 9A 99 DC 42 0A E6 CC 33 C3 3C AA 55 05 58 67 66 BA 41 F6 6D

2021-03-17 08:58:45:157: 

2021-03-17 08:58:45:220: 

2021-03-17 08:58:45:285: 

2021-03-17 08:58:45:350: CC 33 C3 3C AA 55 05 5A 00 00 00 00 0D 58 CC 33 C3 3C AA 55 05 52 33 33 CF 41 47 D3 CC 33 C3 3C AA 55 05 51 67 66 D2 41 37 9E CC 33 C3 3C AA 55 05 53 00 00 00 40 FC 85 CC 33 C3 3C AA 55 05 59 00 00 00 00 0D 1C CC 33 C3 3C AA 55 05 6D 67 66 E6 BF 72 59 CC 33 C3 3C AA 55 05 6F 00 00 00 00 09 D4 CC 33 C3 3C AA 55 05 67 00 00 D0 41 38 A8 CC 33 C3 3C AA 55 05 72 67 66 D2 41 F0 5B CC 33 C3 3C AA 55 05 68 00 F0 7F 45 39 80 CC 33 C3 3C AA 55 05 6E 00 00 00 00 C9 E9 CC 33 C3 3C AA 55 05 5C 00 00 80 40 3D B0 CC 33 C3 3C AA 55 05 71 00 00 80 40 3B 1C CC 33 C3 3C AA 55 05 98 00 00 00 00 DC 21 CC 33 C3 3C AA 55 05 99 00 00 00 00 1C 1C CC 33 C3 3C AA 55 05 5B 00 C0 78 45 02 86 CC 33 C3 3C AA 55 05 70 00 F0 7F 45 3B A0 CC 33 C3 3C

2021-03-17 08:58:45:478: 

2021-03-17 08:58:45:546: 

2021-03-17 08:58:45:610: 

